timestamp,machine_id,product_type,air_temp_k,proc_temp_k,rpm,torque_nm,tool_wear_min,prediction,confidence,risk_level,source
2026-05-27 20:00:11,SEED-0,L,301.98,311.63,2162.5,38.65,4.1,HEALTHY,99.9,Low,SEED
2026-05-27 20:10:11,SEED-1,M,301.87,308.21,2142.4,21.59,28.2,HEALTHY,100.0,Low,SEED
2026-05-27 20:20:11,SEED-2,H,300.84,308.53,1897.3,41.29,71.6,HEALTHY,99.9,Low,SEED
2026-05-27 20:30:11,SEED-3,L,297.34,312.12,1357.1,63.21,247.0,FAULTY,99.8,High,SEED
2026-05-27 20:40:11,SEED-4,H,298.52,310.64,1835.2,29.64,5.3,HEALTHY,100.0,Low,SEED
2026-05-27 20:50:11,SEED-5,L,298.68,311.89,1486.6,34.21,97.2,HEALTHY,100.0,Low,SEED
2026-05-27 21:00:11,SEED-6,H,299.76,311.88,2178.7,35.6,34.8,HEALTHY,99.9,Low,SEED
2026-05-27 21:10:11,SEED-7,H,299.26,310.19,1956.4,39.92,94.3,HEALTHY,97.6,Low,SEED
2026-05-27 21:20:11,SEED-8,L,299.68,310.55,1773.4,28.91,54.8,HEALTHY,99.3,Low,SEED
2026-05-27 21:30:11,SEED-9,L,301.05,311.39,1577.3,44.41,22.3,HEALTHY,99.9,Low,SEED
2026-05-27 21:40:11,SEED-10,M,297.98,312.0,1216.4,66.91,218.8,FAULTY,94.9,High,SEED
2026-05-27 21:50:11,SEED-11,H,300.44,309.47,2164.0,21.28,53.3,HEALTHY,99.9,Low,SEED
2026-05-27 22:00:11,SEED-12,L,299.69,308.69,1694.4,33.72,72.0,HEALTHY,100.0,Low,SEED
2026-05-27 22:10:11,SEED-13,L,299.82,310.08,1495.4,42.86,17.5,HEALTHY,99.9,Low,SEED
2026-05-27 22:20:11,SEED-14,H,296.81,311.7,1188.1,65.47,239.4,FAULTY,95.4,High,SEED
2026-05-27 22:30:11,SEED-15,H,300.14,308.62,1554.5,41.89,34.5,HEALTHY,100.0,Low,SEED
2026-05-27 22:40:11,SEED-16,M,298.32,310.54,1976.0,37.18,69.4,HEALTHY,100.0,Low,SEED
2026-05-27 22:50:11,SEED-17,M,302.31,311.93,1548.2,55.91,185.5,FAULTY,97.2,Medium,SEED
2026-05-27 23:00:11,SEED-18,M,298.26,309.87,2005.5,26.01,7.9,HEALTHY,100.0,Low,SEED
2026-05-27 23:10:11,SEED-19,L,299.96,313.39,1434.4,53.72,177.3,HEALTHY,99.9,Medium,SEED
2026-05-27 23:20:11,SEED-20,L,300.21,310.8,1881.5,44.66,31.6,HEALTHY,99.6,Low,SEED
2026-05-27 23:30:11,SEED-21,H,302.36,309.3,1245.6,52.87,196.6,FAULTY,98.7,Medium,SEED
2026-05-27 23:40:11,SEED-22,M,301.71,310.47,1609.4,25.72,31.2,HEALTHY,100.0,Low,SEED
2026-05-27 23:50:11,SEED-23,L,300.71,308.03,2082.2,43.07,24.9,HEALTHY,98.1,Low,SEED
2026-05-28 00:00:11,SEED-24,H,298.78,310.31,1471.3,29.8,29.0,HEALTHY,99.9,Low,SEED
2026-05-28 00:10:11,SEED-25,H,301.66,311.28,1819.6,35.86,54.0,HEALTHY,99.6,Low,SEED
2026-05-28 00:20:11,SEED-26,L,302.9,313.66,1523.0,47.04,147.2,HEALTHY,99.9,Medium,SEED
2026-05-28 00:30:11,SEED-27,L,298.09,308.12,2183.3,27.93,50.0,HEALTHY,100.0,Low,SEED
2026-05-28 00:40:11,SEED-28,L,300.97,309.62,1465.4,31.08,63.3,HEALTHY,99.9,Low,SEED
2026-05-28 00:50:11,SEED-29,M,299.24,310.01,1913.8,26.59,65.8,HEALTHY,99.9,Low,SEED
2026-05-28 01:00:11,SEED-30,M,300.37,310.4,2005.6,33.21,63.9,HEALTHY,100.0,Low,SEED
2026-05-28 01:10:11,SEED-31,L,296.12,312.78,1326.8,60.32,245.6,FAULTY,99.6,High,SEED
2026-05-28 01:20:11,SEED-32,M,301.0,311.95,1575.9,54.07,197.8,HEALTHY,65.1,Medium,SEED
2026-05-28 01:30:11,SEED-33,L,301.44,311.17,1778.0,31.16,45.6,HEALTHY,99.8,Low,SEED
2026-05-28 01:40:11,SEED-34,L,299.08,311.81,2169.7,26.63,49.0,HEALTHY,100.0,Low,SEED
2026-05-28 01:50:11,SEED-35,H,296.73,310.48,1280.6,74.8,242.2,FAULTY,99.1,High,SEED
2026-05-28 02:00:11,SEED-36,H,295.4,308.02,1341.5,73.45,206.5,FAULTY,98.2,High,SEED
2026-05-28 02:10:11,SEED-37,M,299.86,309.67,1988.9,42.77,55.0,HEALTHY,99.3,Low,SEED
2026-05-28 02:20:11,SEED-38,H,302.54,311.73,1480.8,46.39,130.8,HEALTHY,98.0,Medium,SEED
2026-05-28 02:30:11,SEED-39,M,299.74,311.91,1507.4,31.05,67.3,HEALTHY,100.0,Low,SEED
2026-05-28 02:40:11,SEED-40,L,296.99,312.93,1302.2,61.6,208.7,FAULTY,99.3,High,SEED
2026-05-28 02:50:11,SEED-41,L,298.82,308.19,2077.1,37.04,25.0,HEALTHY,100.0,Low,SEED
2026-05-28 03:00:11,SEED-42,H,301.8,311.48,2004.5,44.79,12.9,HEALTHY,83.9,Low,SEED
2026-05-28 03:10:11,SEED-43,M,299.52,312.81,1206.4,51.05,145.0,HEALTHY,100.0,Medium,SEED
2026-05-28 03:20:11,SEED-44,L,302.07,311.89,1254.7,53.56,183.2,HEALTHY,90.3,Medium,SEED
2026-05-28 03:30:11,SEED-45,M,300.55,310.5,1751.3,25.91,51.1,HEALTHY,100.0,Low,SEED
2026-05-28 03:40:11,SEED-46,H,298.93,309.66,1837.5,26.42,60.4,HEALTHY,97.9,Low,SEED
2026-05-28 03:50:11,SEED-47,L,296.07,313.8,1217.1,60.96,209.1,FAULTY,99.0,High,SEED
2026-05-28 04:00:11,SEED-48,H,300.97,311.34,1625.0,31.88,55.4,HEALTHY,99.8,Low,SEED
2026-05-28 04:10:11,SEED-49,M,301.92,310.8,1569.4,55.4,100.9,FAULTY,85.4,Medium,SEED
2026-05-28 04:20:11,SEED-50,H,298.48,309.11,1699.6,25.4,39.3,HEALTHY,99.9,Low,SEED
2026-05-28 04:30:11,SEED-51,L,301.51,310.29,1868.5,29.43,36.0,HEALTHY,99.6,Low,SEED
2026-05-28 04:40:11,SEED-52,H,301.21,311.88,1828.2,43.06,73.6,HEALTHY,99.7,Low,SEED
2026-05-28 04:50:11,SEED-53,M,302.32,311.35,1500.1,46.88,151.3,HEALTHY,99.0,Medium,SEED
2026-05-28 05:00:11,SEED-54,H,299.11,313.28,1569.6,51.94,163.8,HEALTHY,99.2,Medium,SEED
2026-05-28 05:10:11,SEED-55,M,297.15,310.38,1375.8,76.56,233.8,FAULTY,99.5,High,SEED
2026-05-28 05:20:11,SEED-56,M,299.26,310.98,1321.2,55.37,127.8,HEALTHY,99.9,Medium,SEED
2026-05-28 05:30:11,SEED-57,M,300.01,309.29,2161.3,21.65,19.0,HEALTHY,99.9,Low,SEED
2026-05-28 05:40:11,SEED-58,M,300.4,311.75,1897.8,35.72,85.0,HEALTHY,100.0,Low,SEED
2026-05-28 05:50:11,SEED-59,M,300.75,311.61,1489.0,47.97,126.5,HEALTHY,98.9,Medium,SEED
2026-05-28 06:00:11,SEED-60,M,301.63,311.34,1663.7,39.92,70.3,HEALTHY,100.0,Low,SEED
2026-05-28 06:10:11,SEED-61,M,301.41,310.6,1922.3,33.28,49.9,HEALTHY,100.0,Low,SEED
2026-05-28 06:20:11,SEED-62,M,299.85,309.16,1450.1,31.27,0.4,HEALTHY,100.0,Low,SEED
2026-05-28 06:30:11,SEED-63,L,301.39,308.5,1680.5,34.25,48.1,HEALTHY,100.0,Low,SEED
2026-05-28 06:40:11,SEED-64,H,298.28,310.77,1769.6,27.24,83.4,HEALTHY,99.8,Low,SEED
2026-05-28 06:50:11,SEED-65,M,299.71,308.63,2159.0,25.92,94.2,HEALTHY,100.0,Low,SEED
2026-05-28 07:00:11,SEED-66,H,299.98,308.78,1881.7,25.56,98.0,HEALTHY,100.0,Low,SEED
2026-05-28 07:10:11,SEED-67,M,300.76,310.86,1398.1,51.72,146.8,HEALTHY,91.6,Medium,SEED
2026-05-28 07:20:11,SEED-68,H,298.86,309.43,1748.0,35.94,76.8,HEALTHY,99.6,Low,SEED
2026-05-28 07:30:11,SEED-69,M,299.49,308.03,1690.1,23.99,39.7,HEALTHY,100.0,Low,SEED
2026-05-28 07:40:11,SEED-70,M,300.55,309.83,1971.4,43.21,80.2,HEALTHY,99.3,Low,SEED
2026-05-28 07:50:11,SEED-71,H,299.88,311.41,1528.5,26.17,11.0,HEALTHY,100.0,Low,SEED
2026-05-28 08:00:11,SEED-72,L,299.3,308.41,2068.7,23.5,49.4,HEALTHY,100.0,Low,SEED
2026-05-28 08:10:11,SEED-73,L,300.69,313.45,1527.5,55.24,141.7,HEALTHY,98.3,Medium,SEED
2026-05-28 08:20:11,SEED-74,L,301.47,308.44,1697.0,23.56,10.3,HEALTHY,100.0,Low,SEED
2026-05-28 08:30:11,SEED-75,M,296.32,315.95,1382.6,64.04,240.2,FAULTY,98.3,High,SEED
2026-05-28 08:40:11,SEED-76,L,299.68,311.45,2135.5,26.82,93.4,HEALTHY,100.0,Low,SEED
2026-05-28 08:50:11,SEED-77,L,301.27,308.97,1750.3,35.27,53.9,HEALTHY,100.0,Low,SEED
2026-05-28 09:00:11,SEED-78,H,301.43,310.8,2184.0,20.71,32.1,HEALTHY,100.0,Low,SEED
2026-05-28 09:10:11,SEED-79,H,298.74,309.52,1463.6,42.01,40.8,HEALTHY,98.9,Low,SEED
2026-05-28 09:20:11,SEED-80,M,295.83,311.62,1372.8,75.55,230.3,FAULTY,98.5,High,SEED
2026-05-28 09:30:11,SEED-81,L,300.16,309.71,1713.7,31.26,43.6,HEALTHY,99.8,Low,SEED
2026-05-28 09:40:11,SEED-82,M,300.57,310.69,1798.1,39.57,78.6,HEALTHY,100.0,Low,SEED
2026-05-28 09:50:11,SEED-83,H,302.36,311.5,1471.0,52.04,199.0,FAULTY,70.4,Medium,SEED
2026-05-28 10:00:11,SEED-84,H,298.01,308.9,1906.2,28.65,54.1,HEALTHY,99.7,Low,SEED
2026-05-28 10:10:11,SEED-85,L,299.75,309.44,1407.0,48.75,119.2,HEALTHY,94.5,Medium,SEED
2026-05-28 10:20:11,SEED-86,H,298.26,309.52,1814.7,38.64,49.0,HEALTHY,99.7,Low,SEED
2026-05-28 10:30:11,SEED-87,H,300.91,310.9,1410.1,27.69,89.0,HEALTHY,99.9,Low,SEED
2026-05-28 10:40:11,SEED-88,H,295.92,315.21,1285.0,68.94,204.4,FAULTY,75.8,High,SEED
2026-05-28 10:50:11,SEED-89,H,302.99,311.36,1411.9,54.01,132.6,FAULTY,52.6,Medium,SEED
2026-05-28 11:00:11,SEED-90,M,300.06,311.11,1519.4,33.98,68.6,HEALTHY,99.9,Low,SEED
2026-05-28 11:10:11,SEED-91,H,301.19,311.63,2050.5,42.38,40.4,HEALTHY,74.9,Low,SEED
2026-05-28 11:20:11,SEED-92,H,301.0,310.47,1930.7,35.5,86.1,HEALTHY,99.4,Low,SEED
2026-05-28 11:30:11,SEED-93,H,298.36,309.99,1660.8,30.69,92.6,HEALTHY,99.9,Low,SEED
2026-05-28 11:40:11,SEED-94,M,299.91,310.71,1204.7,54.31,149.4,HEALTHY,99.7,Medium,SEED
2026-05-28 11:50:11,SEED-95,L,297.97,308.05,1172.1,63.22,209.2,FAULTY,99.9,High,SEED
2026-05-28 12:00:11,SEED-96,H,296.1,311.37,1296.8,76.47,204.1,FAULTY,78.8,High,SEED
2026-05-28 12:10:11,SEED-97,M,300.9,308.83,1708.6,37.18,33.9,HEALTHY,100.0,Low,SEED
2026-05-28 12:20:11,SEED-98,L,295.34,310.82,1173.6,64.6,240.5,FAULTY,99.8,High,SEED
2026-05-28 12:30:11,SEED-99,H,300.36,311.6,2026.5,27.41,51.7,HEALTHY,99.9,Low,SEED
2026-05-28 12:40:11,SEED-100,H,301.66,308.51,1843.1,33.85,17.2,HEALTHY,100.0,Low,SEED
2026-05-28 12:50:11,SEED-101,H,300.6,310.1,2089.4,38.23,81.1,HEALTHY,99.7,Low,SEED
2026-05-28 13:00:11,SEED-102,L,298.44,310.7,2008.0,35.21,5.3,HEALTHY,100.0,Low,SEED
2026-05-28 13:10:11,SEED-103,H,299.51,308.35,1910.2,42.61,24.2,HEALTHY,99.7,Low,SEED
2026-05-28 13:20:11,SEED-104,L,301.76,311.48,1749.8,43.55,31.6,HEALTHY,99.9,Low,SEED
2026-05-28 13:30:11,SEED-105,H,300.85,310.42,1637.3,23.49,60.9,HEALTHY,99.8,Low,SEED
2026-05-28 13:40:11,SEED-106,H,300.15,309.62,1825.8,39.54,92.7,HEALTHY,99.1,Low,SEED
2026-05-28 13:50:11,SEED-107,H,301.27,308.37,1798.3,33.48,93.1,HEALTHY,100.0,Low,SEED
2026-05-28 14:00:11,SEED-108,L,295.25,310.64,1386.3,64.33,233.6,FAULTY,99.9,High,SEED
2026-05-28 14:10:11,SEED-109,L,301.89,308.25,2165.8,36.23,48.1,HEALTHY,100.0,Low,SEED
2026-05-28 14:20:11,SEED-110,L,300.04,313.58,1449.8,55.4,181.0,HEALTHY,97.2,Medium,SEED
2026-05-28 14:30:11,SEED-111,L,301.23,310.05,1465.0,32.02,42.0,HEALTHY,99.9,Low,SEED
2026-05-28 14:40:11,SEED-112,M,298.26,309.06,1537.2,33.08,88.6,HEALTHY,100.0,Low,SEED
2026-05-28 14:50:11,SEED-113,H,301.3,311.84,1638.6,37.44,96.7,HEALTHY,99.9,Low,SEED
2026-05-28 15:00:11,SEED-114,M,300.43,313.53,1306.7,50.99,101.7,HEALTHY,100.0,Medium,SEED
2026-05-28 15:10:11,SEED-115,H,299.77,310.5,1426.7,47.43,117.9,HEALTHY,74.4,Medium,SEED
2026-05-28 15:20:11,SEED-116,H,300.69,309.76,1420.8,56.61,114.9,FAULTY,57.4,Medium,SEED
2026-05-28 15:30:11,SEED-117,M,299.34,309.43,1720.5,21.97,61.8,HEALTHY,99.8,Low,SEED
2026-05-28 15:40:11,SEED-118,L,301.44,311.79,1769.8,27.01,17.5,HEALTHY,100.0,Low,SEED
2026-05-28 15:50:11,SEED-119,L,298.22,311.37,1655.3,31.52,49.2,HEALTHY,100.0,Low,SEED
2026-05-28 16:00:11,SEED-120,H,299.63,311.35,2128.1,32.15,28.0,HEALTHY,100.0,Low,SEED
2026-05-28 16:10:11,SEED-121,M,299.1,309.87,1408.0,56.21,196.6,FAULTY,84.7,Medium,SEED
2026-05-28 16:20:11,SEED-122,H,301.79,310.39,1992.5,39.01,77.0,HEALTHY,99.2,Low,SEED
2026-05-28 16:30:11,SEED-123,M,301.06,310.41,1810.9,27.81,19.7,HEALTHY,99.9,Low,SEED
2026-05-28 16:40:11,SEED-124,H,298.01,310.56,1512.0,44.11,99.5,HEALTHY,100.0,Low,SEED
2026-05-28 16:50:11,SEED-125,L,302.92,309.2,1261.1,48.89,162.6,FAULTY,98.2,Medium,SEED
2026-05-28 17:00:11,SEED-126,M,299.3,311.33,1866.2,43.41,82.3,HEALTHY,99.9,Low,SEED
2026-05-28 17:10:11,SEED-127,M,300.69,309.43,1595.6,56.92,197.5,FAULTY,94.9,Medium,SEED
2026-05-28 17:20:11,SEED-128,H,301.73,309.15,1580.6,57.53,189.8,FAULTY,58.4,Medium,SEED
2026-05-28 17:30:11,SEED-129,L,295.31,310.56,1350.4,76.05,208.2,FAULTY,99.8,High,SEED
2026-05-28 17:40:11,SEED-130,L,299.43,309.52,1938.8,42.96,70.1,HEALTHY,99.0,Low,SEED
2026-05-28 17:50:11,SEED-131,H,299.46,313.46,1288.0,49.32,155.2,HEALTHY,100.0,Medium,SEED
2026-05-28 18:00:11,SEED-132,M,298.92,309.9,2180.1,36.94,85.2,HEALTHY,99.7,Low,SEED
2026-05-28 18:10:11,SEED-133,L,298.7,309.81,1850.8,32.37,94.0,HEALTHY,99.8,Low,SEED
2026-05-28 18:20:11,SEED-134,M,295.94,315.37,1210.2,73.45,223.1,FAULTY,98.1,High,SEED
2026-05-28 18:30:11,SEED-135,H,301.93,311.96,1734.6,40.57,70.9,HEALTHY,99.9,Low,SEED
2026-05-28 18:40:11,SEED-136,M,301.09,309.59,1652.9,25.87,75.4,HEALTHY,100.0,Low,SEED
2026-05-28 18:50:11,SEED-137,L,302.29,311.82,1552.8,54.82,170.9,FAULTY,81.7,Medium,SEED
2026-05-28 19:00:11,SEED-138,H,300.91,309.18,1908.5,21.12,25.0,HEALTHY,100.0,Low,SEED
2026-05-28 19:10:11,SEED-139,L,298.04,311.88,1713.6,29.99,30.5,HEALTHY,100.0,Low,SEED
2026-05-28 19:20:11,SEED-140,H,299.45,311.83,2185.4,27.57,85.6,HEALTHY,100.0,Low,SEED
2026-05-28 19:30:11,SEED-141,H,299.35,309.79,1598.5,55.64,155.1,FAULTY,99.6,Medium,SEED
2026-05-28 19:40:11,SEED-142,M,300.29,310.89,1785.2,40.61,27.7,HEALTHY,100.0,Low,SEED
2026-05-28 19:50:11,SEED-143,L,299.19,313.65,1384.0,56.92,146.2,HEALTHY,99.7,Medium,SEED
2026-05-28 20:00:11,SEED-144,L,301.12,310.64,1792.1,27.05,19.4,HEALTHY,99.9,Low,SEED
2026-05-28 20:10:11,SEED-145,M,300.52,308.05,1985.5,29.18,55.7,HEALTHY,100.0,Low,SEED
2026-05-28 20:20:11,SEED-146,H,301.97,310.86,1366.6,48.35,134.5,FAULTY,86.3,Medium,SEED
2026-05-28 20:30:11,SEED-147,H,301.03,309.95,1243.3,52.56,147.2,HEALTHY,62.6,Medium,SEED
2026-05-28 20:40:11,SEED-148,L,301.64,309.92,1805.3,44.71,93.7,HEALTHY,99.7,Low,SEED
2026-05-28 20:50:11,SEED-149,L,300.91,308.84,1865.5,26.46,34.2,HEALTHY,100.0,Low,SEED
2026-05-28 21:00:11,SEED-150,H,301.71,311.4,2172.5,20.55,67.5,HEALTHY,100.0,Low,SEED
2026-05-28 21:10:11,SEED-151,L,299.47,309.21,1629.7,26.32,20.9,HEALTHY,100.0,Low,SEED
2026-05-28 21:20:11,SEED-152,H,301.91,308.12,2133.9,43.15,53.1,HEALTHY,93.4,Low,SEED
2026-05-28 21:30:11,SEED-153,H,296.04,315.74,1326.1,67.82,217.7,FAULTY,97.0,High,SEED
2026-05-28 21:40:11,SEED-154,L,302.91,310.9,1523.0,46.14,169.4,HEALTHY,99.7,Medium,SEED
2026-05-28 21:50:11,SEED-155,L,301.7,313.65,1281.8,56.47,132.3,HEALTHY,100.0,Medium,SEED
2026-05-28 22:00:11,SEED-156,M,300.75,311.91,1946.4,40.08,51.4,HEALTHY,99.9,Low,SEED
2026-05-28 22:10:11,SEED-157,H,299.03,312.87,1583.5,56.76,171.2,FAULTY,56.6,Medium,SEED
2026-05-28 22:20:11,SEED-158,H,301.7,311.82,1470.3,21.97,17.7,HEALTHY,100.0,Low,SEED
2026-05-28 22:30:11,SEED-159,L,301.83,309.94,1759.5,42.83,33.3,HEALTHY,99.9,Low,SEED
2026-05-28 22:40:11,SEED-160,M,301.34,310.39,1425.5,26.42,52.0,HEALTHY,99.5,Low,SEED
2026-05-28 22:50:11,SEED-161,L,302.32,312.71,1445.8,54.66,140.3,HEALTHY,81.2,Medium,SEED
2026-05-28 23:00:11,SEED-162,M,299.65,313.81,1372.8,46.63,186.4,HEALTHY,100.0,Medium,SEED
2026-05-28 23:10:11,SEED-163,M,298.71,310.94,1536.6,23.54,61.6,HEALTHY,100.0,Low,SEED
2026-05-28 23:20:11,SEED-164,H,302.83,309.47,1290.2,48.81,100.1,FAULTY,99.6,Medium,SEED
2026-05-28 23:30:11,SEED-165,H,301.98,310.35,1928.4,26.91,15.3,HEALTHY,99.7,Low,SEED
2026-05-28 23:40:11,SEED-166,M,299.91,310.29,2171.5,37.02,2.8,HEALTHY,99.7,Low,SEED
2026-05-28 23:50:11,SEED-167,L,301.7,308.14,1822.5,31.19,3.0,HEALTHY,100.0,Low,SEED
2026-05-29 00:00:11,SEED-168,L,301.22,310.94,2061.5,21.38,99.0,HEALTHY,99.9,Low,SEED
2026-05-29 00:10:11,SEED-169,L,301.54,311.87,1204.8,57.03,165.9,HEALTHY,60.6,Medium,SEED
2026-05-29 00:20:11,SEED-170,H,295.86,310.82,1238.3,65.88,227.7,FAULTY,95.7,High,SEED
2026-05-29 00:30:11,SEED-171,L,299.12,310.33,1980.9,35.94,37.7,HEALTHY,99.3,Low,SEED
2026-05-29 00:40:11,SEED-172,L,298.83,308.63,1457.7,27.78,21.5,HEALTHY,100.0,Low,SEED
2026-05-29 00:50:11,SEED-173,M,295.39,311.38,1352.4,73.77,237.8,FAULTY,95.7,High,SEED
2026-05-29 01:00:11,SEED-174,H,300.54,310.21,1226.7,47.96,122.1,HEALTHY,80.9,Medium,SEED
2026-05-29 01:10:11,SEED-175,H,301.1,309.66,1992.2,29.09,51.1,HEALTHY,99.8,Low,SEED
2026-05-29 01:20:11,SEED-176,L,301.57,310.47,1730.2,44.15,37.8,HEALTHY,99.7,Low,SEED
2026-05-29 01:30:11,SEED-177,H,299.73,311.81,1768.2,25.66,32.6,HEALTHY,100.0,Low,SEED
2026-05-29 01:40:11,SEED-178,L,299.53,308.56,1919.3,44.05,60.1,HEALTHY,99.6,Low,SEED
2026-05-29 01:50:11,SEED-179,L,295.46,312.44,1358.0,74.17,205.1,FAULTY,99.7,High,SEED
2026-05-29 02:00:11,SEED-180,L,298.39,310.15,1591.2,21.68,7.4,HEALTHY,100.0,Low,SEED
2026-05-29 02:10:11,SEED-181,M,300.88,312.95,1253.1,54.13,175.0,HEALTHY,100.0,Medium,SEED
2026-05-29 02:20:11,SEED-182,H,300.9,308.92,1970.3,30.11,56.3,HEALTHY,100.0,Low,SEED
2026-05-29 02:30:11,SEED-183,H,298.44,308.57,1958.4,26.95,28.6,HEALTHY,100.0,Low,SEED
2026-05-29 02:40:11,SEED-184,L,299.77,312.68,1415.0,48.16,138.7,HEALTHY,100.0,Medium,SEED
2026-05-29 02:50:11,SEED-185,M,299.18,311.65,1910.8,20.85,90.0,HEALTHY,100.0,Low,SEED
2026-05-29 03:00:11,SEED-186,H,300.94,311.85,1633.1,32.56,60.2,HEALTHY,99.8,Low,SEED
2026-05-29 03:10:11,SEED-187,L,295.22,310.11,1171.9,74.26,250.6,FAULTY,99.9,High,SEED
2026-05-29 03:20:11,SEED-188,L,301.56,311.56,1821.8,22.77,56.6,HEALTHY,100.0,Low,SEED
2026-05-29 03:30:11,SEED-189,M,302.62,309.95,1590.1,55.76,149.1,HEALTHY,59.3,Medium,SEED
2026-05-29 03:40:11,SEED-190,H,298.92,308.07,1969.1,29.16,54.9,HEALTHY,100.0,Low,SEED
2026-05-29 03:50:11,SEED-191,H,298.2,311.81,1787.2,41.3,31.6,HEALTHY,99.9,Low,SEED
2026-05-29 04:00:11,SEED-192,L,300.2,313.3,1379.8,56.43,184.4,HEALTHY,99.1,Medium,SEED
2026-05-29 04:10:11,SEED-193,L,300.92,308.19,1728.5,42.13,22.5,HEALTHY,100.0,Low,SEED
2026-05-29 04:20:11,SEED-194,L,295.63,315.3,1204.8,61.11,252.8,FAULTY,99.6,High,SEED
2026-05-29 04:30:11,SEED-195,H,299.49,308.78,1534.6,36.93,29.6,HEALTHY,100.0,Low,SEED
2026-05-29 04:40:11,SEED-196,L,296.9,313.15,1248.0,65.82,205.1,FAULTY,98.3,High,SEED
2026-05-29 04:50:11,SEED-197,L,299.95,310.01,2034.0,41.45,97.8,HEALTHY,99.6,Low,SEED
2026-05-29 05:00:11,SEED-198,M,299.08,310.43,2085.6,31.95,61.6,HEALTHY,100.0,Low,SEED
2026-05-29 05:10:11,SEED-199,L,295.38,315.48,1308.2,71.28,252.8,FAULTY,99.8,High,SEED
2026-05-29 05:20:11,SEED-200,H,301.99,308.74,1579.1,32.39,44.6,HEALTHY,100.0,Low,SEED
2026-05-29 05:30:11,SEED-201,H,299.36,308.56,1456.0,26.77,46.6,HEALTHY,100.0,Low,SEED
2026-05-29 05:40:11,SEED-202,L,301.3,311.48,1982.6,28.38,51.8,HEALTHY,100.0,Low,SEED
2026-05-29 05:50:11,SEED-203,H,301.79,311.81,1493.9,30.38,52.1,HEALTHY,100.0,Low,SEED
2026-05-29 06:00:11,SEED-204,H,301.17,309.6,1513.9,51.73,102.3,HEALTHY,99.5,Medium,SEED
2026-05-29 06:10:11,SEED-205,M,301.35,311.41,2024.0,44.96,31.7,HEALTHY,86.9,Low,SEED
2026-05-29 06:20:11,SEED-206,H,298.56,311.89,1457.8,22.59,48.0,HEALTHY,100.0,Low,SEED
2026-05-29 06:30:11,SEED-207,H,299.17,313.59,1519.5,57.54,176.9,FAULTY,77.5,Medium,SEED
2026-05-29 06:40:11,SEED-208,M,299.99,311.29,1255.4,50.22,159.1,HEALTHY,99.9,Medium,SEED
2026-05-29 06:50:11,SEED-209,M,298.45,309.79,1603.2,28.02,28.6,HEALTHY,100.0,Low,SEED
2026-05-29 07:00:11,SEED-210,M,301.78,311.12,2160.2,35.45,11.5,HEALTHY,99.9,Low,SEED
2026-05-29 07:10:11,SEED-211,L,302.2,309.57,1526.7,56.17,178.0,HEALTHY,66.7,Medium,SEED
2026-05-29 07:20:11,SEED-212,H,300.88,312.21,1594.4,48.46,116.8,HEALTHY,100.0,Medium,SEED
2026-05-29 07:30:11,SEED-213,H,298.82,311.38,1980.1,33.64,33.8,HEALTHY,100.0,Low,SEED
2026-05-29 07:40:11,SEED-214,L,298.17,310.79,2084.1,41.36,21.1,HEALTHY,67.4,Medium,SEED
2026-05-29 07:50:11,SEED-215,M,299.84,311.49,1523.3,51.05,103.2,HEALTHY,99.8,Medium,SEED
2026-05-29 08:00:11,SEED-216,L,299.9,312.29,1209.3,47.3,121.4,HEALTHY,100.0,Medium,SEED
2026-05-29 08:10:11,SEED-217,H,302.3,313.41,1492.5,51.53,120.9,HEALTHY,99.9,Medium,SEED
2026-05-29 08:20:11,SEED-218,L,295.59,308.44,1218.6,71.99,218.5,FAULTY,99.9,High,SEED
2026-05-29 08:30:11,SEED-219,M,299.7,313.0,1486.9,54.52,119.7,HEALTHY,98.2,Medium,SEED
2026-05-29 08:40:11,SEED-220,H,298.02,311.48,1693.5,24.14,78.2,HEALTHY,99.9,Low,SEED
2026-05-29 08:50:11,SEED-221,M,301.29,311.68,1860.5,24.43,26.9,HEALTHY,100.0,Low,SEED
2026-05-29 09:00:11,SEED-222,M,302.63,310.74,1544.3,48.41,102.3,HEALTHY,100.0,Medium,SEED
2026-05-29 09:10:11,SEED-223,M,300.7,311.49,1980.8,41.62,30.7,HEALTHY,99.9,Low,SEED
2026-05-29 09:20:11,SEED-224,L,300.43,310.09,1414.6,20.38,28.2,HEALTHY,99.9,Low,SEED
2026-05-29 09:30:11,SEED-225,M,301.92,310.57,1868.2,34.65,19.2,HEALTHY,100.0,Low,SEED
2026-05-29 09:40:11,SEED-226,H,295.64,308.67,1362.4,73.58,213.3,FAULTY,98.9,High,SEED
2026-05-29 09:50:11,SEED-227,L,299.58,309.38,1282.5,49.69,151.3,HEALTHY,95.7,Medium,SEED
2026-05-29 10:00:11,SEED-228,H,299.72,309.89,1961.9,33.61,54.6,HEALTHY,99.6,Low,SEED
2026-05-29 10:10:11,SEED-229,L,300.58,310.53,1808.6,30.93,17.4,HEALTHY,100.0,Low,SEED
2026-05-29 10:20:11,SEED-230,M,298.78,308.97,1715.0,44.45,93.8,HEALTHY,100.0,Low,SEED
2026-05-29 10:30:11,SEED-231,H,300.55,309.18,2117.4,22.86,78.1,HEALTHY,99.9,Low,SEED
2026-05-29 10:40:11,SEED-232,M,298.59,310.22,2020.1,40.18,98.7,HEALTHY,99.5,Low,SEED
2026-05-29 10:50:11,SEED-233,H,299.3,310.11,2185.4,27.43,5.2,HEALTHY,99.9,Low,SEED
2026-05-29 11:00:11,SEED-234,M,300.61,310.41,1465.5,54.7,197.6,FAULTY,62.5,Medium,SEED
2026-05-29 11:10:11,SEED-235,M,298.26,310.55,1559.6,27.04,39.2,HEALTHY,100.0,Low,SEED
2026-05-29 11:20:11,SEED-236,M,301.73,308.85,1695.4,42.4,45.1,HEALTHY,100.0,Low,SEED
2026-05-29 11:30:11,SEED-237,L,301.15,309.17,1637.7,42.62,31.4,HEALTHY,100.0,Low,SEED
2026-05-29 11:40:11,SEED-238,M,301.92,310.03,1875.1,42.31,76.4,HEALTHY,99.8,Low,SEED
2026-05-29 11:50:11,SEED-239,M,297.81,314.16,1330.7,73.19,223.2,FAULTY,98.8,High,SEED
2026-05-29 12:00:11,SEED-240,L,295.15,310.3,1289.2,75.45,231.8,FAULTY,99.8,High,SEED
2026-05-29 12:10:11,SEED-241,H,298.02,311.48,1557.0,37.93,91.7,HEALTHY,100.0,Low,SEED
2026-05-29 12:20:11,SEED-242,L,298.47,311.9,1797.1,32.54,64.2,HEALTHY,100.0,Low,SEED
2026-05-29 12:30:11,SEED-243,L,298.4,308.58,1703.2,44.02,36.1,HEALTHY,100.0,Low,SEED
2026-05-29 12:40:11,SEED-244,L,299.84,311.35,1417.3,41.64,48.0,HEALTHY,99.9,Low,SEED
2026-05-29 12:50:11,SEED-245,L,301.62,310.52,1950.2,24.34,1.5,HEALTHY,100.0,Low,SEED
2026-05-29 13:00:11,SEED-246,L,300.57,311.46,1636.4,24.72,83.8,HEALTHY,99.9,Low,SEED
2026-05-29 13:10:11,SEED-247,L,300.25,308.26,1894.2,23.9,38.3,HEALTHY,100.0,Low,SEED
2026-05-29 13:20:11,SEED-248,M,301.05,310.55,1535.0,30.09,78.0,HEALTHY,100.0,Low,SEED
2026-05-29 13:30:11,SEED-249,M,298.18,311.18,1797.5,44.4,88.8,HEALTHY,99.5,Low,SEED
2026-05-29 13:40:11,SEED-250,M,301.18,311.41,1826.4,30.66,2.7,HEALTHY,100.0,Low,SEED
2026-05-29 13:50:11,SEED-251,M,302.61,311.28,1371.0,57.61,144.8,FAULTY,99.2,Medium,SEED
2026-05-29 14:00:11,SEED-252,H,301.76,311.89,1823.1,37.53,56.4,HEALTHY,99.9,Low,SEED
2026-05-29 14:10:11,SEED-253,H,302.75,312.57,1360.6,49.29,157.0,HEALTHY,99.3,Medium,SEED
2026-05-29 14:20:11,SEED-254,H,295.43,310.79,1260.1,66.52,205.2,FAULTY,91.0,High,SEED
2026-05-29 14:30:11,SEED-255,M,302.05,313.84,1451.8,51.07,125.0,HEALTHY,99.9,Medium,SEED
2026-05-29 14:40:11,SEED-256,H,299.52,309.07,1501.3,57.21,116.5,FAULTY,64.7,Medium,SEED
2026-05-29 14:50:11,SEED-257,M,301.13,309.54,1578.9,31.95,41.2,HEALTHY,100.0,Low,SEED
2026-05-29 15:00:11,SEED-258,M,295.95,312.61,1323.5,75.41,219.9,FAULTY,98.3,High,SEED
2026-05-29 15:10:11,SEED-259,H,298.56,310.77,1844.1,42.38,96.1,HEALTHY,99.4,Low,SEED
2026-05-29 15:20:11,SEED-260,M,300.93,309.16,1344.3,49.18,100.9,FAULTY,95.4,Medium,SEED
2026-05-29 15:30:11,SEED-261,L,300.15,308.59,1439.3,22.39,51.7,HEALTHY,99.8,Low,SEED
2026-05-29 15:40:11,SEED-262,M,299.45,311.19,1610.5,21.31,30.6,HEALTHY,100.0,Low,SEED
2026-05-29 15:50:11,SEED-263,M,301.88,308.5,1419.4,40.0,25.5,HEALTHY,99.4,Low,SEED
2026-05-29 16:00:11,SEED-264,L,299.03,308.37,1758.7,24.73,18.0,HEALTHY,100.0,Low,SEED
2026-05-29 16:10:11,SEED-265,M,297.03,314.77,1318.9,61.81,225.5,FAULTY,93.1,High,SEED
2026-05-29 16:20:11,SEED-266,M,301.36,309.41,1602.9,22.04,91.3,HEALTHY,100.0,Low,SEED
2026-05-29 16:30:11,SEED-267,H,299.87,311.42,1478.5,51.22,160.4,HEALTHY,91.0,Medium,SEED
2026-05-29 16:40:11,SEED-268,H,298.85,308.94,1460.0,42.86,80.7,HEALTHY,99.9,Low,SEED
2026-05-29 16:50:11,SEED-269,H,301.01,309.57,1799.4,36.05,42.1,HEALTHY,99.9,Low,SEED
2026-05-29 17:00:11,SEED-270,L,295.58,314.45,1339.3,64.11,210.2,FAULTY,98.1,High,SEED
2026-05-29 17:10:11,SEED-271,H,298.19,310.17,1929.9,28.13,16.4,HEALTHY,100.0,Low,SEED
2026-05-29 17:20:11,SEED-272,L,299.6,309.7,1426.4,24.86,70.3,HEALTHY,93.0,Low,SEED
2026-05-29 17:30:11,SEED-273,H,300.22,310.6,1568.0,53.73,106.5,HEALTHY,98.2,Medium,SEED
2026-05-29 17:40:11,SEED-274,H,299.85,308.58,1989.0,41.66,0.3,HEALTHY,99.8,Low,SEED
2026-05-29 17:50:11,SEED-275,M,297.24,314.13,1309.0,64.9,228.8,FAULTY,92.9,High,SEED
2026-05-29 18:00:11,SEED-276,H,298.4,311.23,1515.6,29.14,57.6,HEALTHY,99.9,Low,SEED
2026-05-29 18:10:11,SEED-277,H,295.12,309.18,1234.5,72.11,240.4,FAULTY,99.1,High,SEED
2026-05-29 18:20:11,SEED-278,H,299.71,309.92,1551.6,57.78,108.4,FAULTY,97.2,Medium,SEED
2026-05-29 18:30:11,SEED-279,M,300.66,308.27,1685.3,24.6,7.9,HEALTHY,100.0,Low,SEED
2026-05-29 18:40:11,SEED-280,M,301.03,313.94,1561.4,53.55,143.7,HEALTHY,99.8,Medium,SEED
2026-05-29 18:50:11,SEED-281,L,300.95,310.27,1983.3,39.74,30.3,HEALTHY,98.6,Low,SEED
2026-05-29 19:00:11,SEED-282,L,299.04,308.81,1535.4,43.59,72.3,HEALTHY,100.0,Low,SEED
2026-05-29 19:10:11,SEED-283,H,299.88,309.34,1654.7,33.38,49.5,HEALTHY,99.5,Low,SEED
2026-05-29 19:20:11,SEED-284,H,298.59,310.18,2156.7,35.99,5.0,HEALTHY,99.8,Low,SEED
2026-05-29 19:30:11,SEED-285,H,299.9,308.24,1782.3,29.78,63.6,HEALTHY,100.0,Low,SEED
2026-05-29 19:40:11,SEED-286,L,298.97,311.17,1533.5,43.8,96.1,HEALTHY,100.0,Low,SEED
2026-05-29 19:50:11,SEED-287,M,301.79,309.95,1768.2,24.64,95.9,HEALTHY,100.0,Low,SEED
2026-05-29 20:00:11,SEED-288,H,297.03,313.53,1397.3,72.4,237.1,FAULTY,98.8,High,SEED
2026-05-29 20:10:11,SEED-289,L,299.31,309.51,1485.9,52.18,170.8,FAULTY,78.4,Medium,SEED
2026-05-29 20:20:11,SEED-290,L,298.94,308.29,1982.3,40.54,43.9,HEALTHY,99.8,Low,SEED
2026-05-29 20:30:11,SEED-291,L,300.12,312.27,1366.5,48.86,139.6,HEALTHY,100.0,Medium,SEED
2026-05-29 20:40:11,SEED-292,M,299.59,311.15,1362.3,47.71,120.7,HEALTHY,99.9,Medium,SEED
2026-05-29 20:50:11,SEED-293,L,299.51,308.68,1952.2,39.19,99.1,HEALTHY,99.9,Low,SEED
2026-05-29 21:00:11,SEED-294,L,296.69,315.8,1170.0,72.87,218.3,FAULTY,99.2,High,SEED
2026-05-29 21:10:11,SEED-295,M,300.73,308.57,1883.8,37.9,13.8,HEALTHY,100.0,Low,SEED
2026-05-29 21:20:11,SEED-296,H,301.83,308.58,1677.1,24.95,54.1,HEALTHY,100.0,Low,SEED
2026-05-29 21:30:11,SEED-297,H,298.84,310.71,2157.2,25.49,97.9,HEALTHY,99.9,Low,SEED
2026-05-29 21:40:11,SEED-298,H,300.85,311.84,2008.8,20.6,29.2,HEALTHY,100.0,Low,SEED
2026-05-29 21:50:11,SEED-299,M,301.86,311.93,1862.8,34.6,47.4,HEALTHY,100.0,Low,SEED
2026-05-29 22:00:11,SEED-300,M,300.84,311.76,1409.8,54.28,105.8,HEALTHY,96.5,Medium,SEED
2026-05-29 22:10:11,SEED-301,M,299.11,309.26,1723.9,38.16,65.5,HEALTHY,99.9,Low,SEED
2026-05-29 22:20:11,SEED-302,H,301.44,308.25,2065.0,28.59,36.5,HEALTHY,100.0,Low,SEED
2026-05-29 22:30:11,SEED-303,M,301.52,310.23,2060.7,24.82,96.8,HEALTHY,99.8,Low,SEED
2026-05-29 22:40:11,SEED-304,M,300.68,310.15,1614.6,39.08,13.3,HEALTHY,100.0,Low,SEED
2026-05-29 22:50:11,SEED-305,H,296.74,309.58,1356.3,67.04,224.5,FAULTY,99.5,High,SEED
2026-05-29 23:00:11,SEED-306,L,298.55,311.59,2031.9,23.59,55.3,HEALTHY,99.9,Low,SEED
2026-05-29 23:10:11,SEED-307,M,300.96,308.02,1963.8,30.39,3.1,HEALTHY,100.0,Low,SEED
2026-05-29 23:20:11,SEED-308,H,299.73,310.45,1810.5,32.95,49.0,HEALTHY,99.2,Low,SEED
2026-05-29 23:30:11,SEED-309,L,300.98,308.52,2097.1,28.77,62.2,HEALTHY,100.0,Low,SEED
2026-05-29 23:40:11,SEED-310,M,301.02,310.55,1339.9,47.13,104.2,HEALTHY,99.5,Medium,SEED
2026-05-29 23:50:11,SEED-311,L,301.97,310.99,2170.6,31.55,84.2,HEALTHY,99.8,Low,SEED
2026-05-30 00:00:11,SEED-312,M,299.39,313.79,1466.8,48.33,122.1,HEALTHY,100.0,Medium,SEED
2026-05-30 00:10:11,SEED-313,M,296.3,315.82,1373.2,67.17,207.7,FAULTY,95.9,High,SEED
2026-05-30 00:20:11,SEED-314,H,298.31,310.37,1714.0,23.61,24.7,HEALTHY,99.9,Low,SEED
2026-05-30 00:30:11,SEED-315,H,299.43,309.34,1539.8,25.48,23.3,HEALTHY,100.0,Low,SEED
2026-05-30 00:40:11,SEED-316,H,302.62,311.94,1409.9,57.09,178.9,FAULTY,98.0,Medium,SEED
2026-05-30 00:50:11,SEED-317,H,300.7,308.32,2130.6,24.58,32.9,HEALTHY,100.0,Low,SEED
2026-05-30 01:00:11,SEED-318,H,301.02,312.4,1239.2,56.38,184.6,HEALTHY,99.8,Medium,SEED
2026-05-30 01:10:11,SEED-319,M,299.81,309.74,1801.1,34.57,31.6,HEALTHY,100.0,Low,SEED
2026-05-30 01:20:11,SEED-320,H,299.56,312.53,1474.5,52.19,163.2,HEALTHY,99.4,Medium,SEED
2026-05-30 01:30:11,SEED-321,M,301.59,308.54,1517.7,35.74,91.1,HEALTHY,100.0,Low,SEED
2026-05-30 01:40:11,SEED-322,L,298.82,311.55,1434.1,21.96,78.4,HEALTHY,100.0,Low,SEED
2026-05-30 01:50:11,SEED-323,M,295.01,308.7,1390.5,64.9,208.0,FAULTY,89.1,High,SEED
2026-05-30 02:00:11,SEED-324,L,301.64,309.61,2017.0,44.07,92.0,HEALTHY,86.5,Low,SEED
2026-05-30 02:10:11,SEED-325,H,302.87,312.04,1433.0,46.83,150.2,HEALTHY,78.7,Medium,SEED
2026-05-30 02:20:11,SEED-326,L,300.71,309.8,1756.1,22.36,91.5,HEALTHY,99.9,Low,SEED
2026-05-30 02:30:11,SEED-327,M,299.61,308.14,1939.0,34.81,42.9,HEALTHY,100.0,Low,SEED
2026-05-30 02:40:11,SEED-328,H,300.51,310.84,1514.5,47.38,126.0,HEALTHY,99.5,Medium,SEED
2026-05-30 02:50:11,SEED-329,M,300.08,310.35,1486.4,35.95,62.7,HEALTHY,99.8,Low,SEED
2026-05-30 03:00:11,SEED-330,M,302.82,309.42,1276.8,48.45,160.1,FAULTY,99.1,Medium,SEED
2026-05-30 03:10:11,SEED-331,L,298.04,310.25,1911.2,39.4,36.5,HEALTHY,99.7,Low,SEED
2026-05-30 03:20:11,SEED-332,M,298.61,310.48,1686.8,21.31,51.1,HEALTHY,100.0,Low,SEED
2026-05-30 03:30:11,SEED-333,M,299.93,309.37,1251.5,55.64,178.2,HEALTHY,98.0,Medium,SEED
2026-05-30 03:40:11,SEED-334,L,299.36,312.79,1349.7,47.21,193.2,HEALTHY,100.0,Medium,SEED
2026-05-30 03:50:11,SEED-335,H,298.29,308.49,1932.6,31.29,21.1,HEALTHY,100.0,Low,SEED
2026-05-30 04:00:11,SEED-336,M,301.87,308.26,1558.6,27.03,81.4,HEALTHY,100.0,Low,SEED
2026-05-30 04:10:11,SEED-337,H,295.21,311.35,1240.8,61.89,203.4,FAULTY,57.8,Medium,SEED
2026-05-30 04:20:11,SEED-338,M,301.14,312.55,1406.0,57.74,155.9,HEALTHY,99.7,Medium,SEED
2026-05-30 04:30:11,SEED-339,H,301.16,313.2,1254.7,56.98,170.9,HEALTHY,100.0,Medium,SEED
2026-05-30 04:40:11,SEED-340,L,300.0,312.74,1231.9,46.4,103.2,HEALTHY,100.0,Medium,SEED
2026-05-30 04:50:11,SEED-341,M,300.93,309.95,1485.2,50.12,163.0,HEALTHY,99.0,Medium,SEED
2026-05-30 05:00:11,SEED-342,H,299.48,308.69,1727.2,35.44,76.5,HEALTHY,100.0,Low,SEED
2026-05-30 05:10:11,SEED-343,L,300.62,311.12,1977.4,24.84,17.8,HEALTHY,100.0,Low,SEED
2026-05-30 05:20:11,SEED-344,H,301.55,308.91,1541.9,37.37,62.8,HEALTHY,100.0,Low,SEED
2026-05-30 05:30:11,SEED-345,L,298.75,308.63,1482.6,26.74,26.8,HEALTHY,100.0,Low,SEED
2026-05-30 05:40:11,SEED-346,H,301.37,309.83,1493.4,40.25,88.4,HEALTHY,99.9,Low,SEED
2026-05-30 05:50:11,SEED-347,H,301.5,310.4,1913.6,27.03,54.4,HEALTHY,99.9,Low,SEED
2026-05-30 06:00:11,SEED-348,M,300.82,311.58,2020.4,29.2,78.6,HEALTHY,99.9,Low,SEED
2026-05-30 06:10:11,SEED-349,M,300.33,311.36,1499.1,49.4,132.9,HEALTHY,99.3,Medium,SEED
2026-05-30 06:20:11,SEED-350,L,298.89,310.11,1453.2,42.29,13.9,HEALTHY,99.9,Low,SEED
2026-05-30 06:30:11,SEED-351,L,298.67,311.08,1718.6,27.28,64.2,HEALTHY,99.3,Low,SEED
2026-05-30 06:40:11,SEED-352,L,301.56,310.53,1788.0,32.14,96.9,HEALTHY,99.8,Low,SEED
2026-05-30 06:50:11,SEED-353,M,299.08,310.88,1708.4,41.55,37.8,HEALTHY,100.0,Low,SEED
2026-05-30 07:00:11,SEED-354,H,299.57,309.9,1722.4,33.71,31.4,HEALTHY,99.6,Low,SEED
2026-05-30 07:10:11,SEED-355,L,299.48,310.06,1521.7,20.81,98.3,HEALTHY,98.9,Low,SEED
2026-05-30 07:20:11,SEED-356,M,301.11,308.2,1808.1,44.43,70.8,HEALTHY,100.0,Low,SEED
2026-05-30 07:30:11,SEED-357,M,300.23,310.77,1483.3,41.13,74.9,HEALTHY,99.6,Low,SEED
2026-05-30 07:40:11,SEED-358,M,299.87,308.79,1850.7,27.07,3.6,HEALTHY,100.0,Low,SEED
2026-05-30 07:50:11,SEED-359,H,299.79,310.66,1673.3,42.87,42.3,HEALTHY,98.8,Low,SEED
2026-05-30 08:00:11,SEED-360,H,298.1,309.95,2021.6,30.05,94.7,HEALTHY,99.9,Low,SEED
2026-05-30 08:10:11,SEED-361,H,296.94,309.53,1237.7,75.11,235.9,FAULTY,98.8,High,SEED
2026-05-30 08:20:11,SEED-362,M,299.13,310.37,1745.8,42.89,77.7,HEALTHY,99.8,Low,SEED
2026-05-30 08:30:11,SEED-363,H,299.47,310.38,1429.2,49.25,184.9,FAULTY,83.9,Medium,SEED
2026-05-30 08:40:11,SEED-364,H,300.43,309.72,1228.1,53.43,116.1,HEALTHY,81.2,Medium,SEED
2026-05-30 08:50:11,SEED-365,L,299.69,313.38,1320.8,55.44,184.9,HEALTHY,99.9,Medium,SEED
2026-05-30 09:00:11,SEED-366,H,297.95,310.19,1322.3,68.58,216.2,FAULTY,99.0,High,SEED
2026-05-30 09:10:11,SEED-367,L,298.86,310.03,1979.1,23.88,1.3,HEALTHY,99.6,Low,SEED
2026-05-30 09:20:11,SEED-368,L,301.95,310.6,1437.2,50.24,182.3,HEALTHY,52.1,Medium,SEED
2026-05-30 09:30:11,SEED-369,H,301.06,308.64,2103.5,40.37,86.9,HEALTHY,99.8,Low,SEED
2026-05-30 09:40:11,SEED-370,H,299.71,309.42,1679.4,29.86,49.4,HEALTHY,99.4,Low,SEED
2026-05-30 09:50:11,SEED-371,L,300.93,309.81,2168.5,33.0,44.1,HEALTHY,99.8,Low,SEED
2026-05-30 10:00:11,SEED-372,L,300.66,311.72,1266.7,46.08,155.7,HEALTHY,94.9,Medium,SEED
2026-05-30 10:10:11,SEED-373,L,298.4,309.4,1838.8,36.25,39.8,HEALTHY,99.9,Low,SEED
2026-05-30 10:20:11,SEED-374,L,299.44,313.35,1482.4,57.28,107.2,HEALTHY,91.5,Medium,SEED
2026-05-30 10:30:11,SEED-375,M,298.47,310.19,2019.7,43.74,25.4,HEALTHY,77.1,Low,SEED
2026-05-30 10:40:11,SEED-376,H,300.33,309.82,1302.3,52.89,188.2,HEALTHY,65.5,Medium,SEED
2026-05-30 10:50:11,SEED-377,M,298.49,308.35,1942.1,39.44,45.1,HEALTHY,100.0,Low,SEED
2026-05-30 11:00:11,SEED-378,L,298.65,311.43,1767.8,37.7,90.2,HEALTHY,100.0,Low,SEED
2026-05-30 11:10:11,SEED-379,M,295.27,313.6,1395.3,69.88,235.1,FAULTY,97.8,High,SEED
2026-05-30 11:20:11,SEED-380,L,301.69,309.61,1764.3,36.98,63.9,HEALTHY,99.9,Low,SEED
2026-05-30 11:30:11,SEED-381,H,299.89,312.17,1587.2,53.17,110.6,HEALTHY,99.3,Medium,SEED
2026-05-30 11:40:11,SEED-382,M,302.43,313.75,1399.5,49.99,186.5,HEALTHY,100.0,Medium,SEED
2026-05-30 11:50:11,SEED-383,L,301.26,308.64,2105.9,30.93,50.8,HEALTHY,100.0,Low,SEED
2026-05-30 12:00:11,SEED-384,M,297.37,311.94,1182.8,72.13,209.6,FAULTY,86.8,High,SEED
2026-05-30 12:10:11,SEED-385,L,299.81,313.19,1510.2,47.22,197.7,HEALTHY,99.9,Medium,SEED
2026-05-30 12:20:11,SEED-386,L,300.37,310.48,1840.5,34.02,67.4,HEALTHY,99.9,Low,SEED
2026-05-30 12:30:11,SEED-387,M,297.69,313.46,1274.5,64.53,232.8,FAULTY,94.2,High,SEED
2026-05-30 12:40:11,SEED-388,L,299.61,312.83,1530.9,50.5,147.5,HEALTHY,99.9,Medium,SEED
2026-05-30 12:50:11,SEED-389,M,298.81,308.36,2184.0,39.5,67.1,HEALTHY,85.3,Low,SEED
2026-05-30 13:00:11,SEED-390,H,301.77,310.43,1752.4,34.12,87.8,HEALTHY,99.6,Low,SEED
2026-05-30 13:10:11,SEED-391,M,300.29,311.92,1586.2,53.18,116.7,HEALTHY,99.6,Medium,SEED
2026-05-30 13:20:11,SEED-392,L,299.52,310.01,1292.6,52.57,176.7,HEALTHY,80.6,Medium,SEED
2026-05-30 13:30:11,SEED-393,L,301.42,309.18,1876.3,37.1,77.8,HEALTHY,100.0,Low,SEED
2026-05-30 13:40:11,SEED-394,H,295.42,310.12,1330.0,67.49,207.6,FAULTY,98.2,High,SEED
2026-05-30 13:50:11,SEED-395,H,295.3,308.72,1294.0,61.92,235.2,FAULTY,97.7,High,SEED
2026-05-30 14:00:11,SEED-396,M,299.53,311.31,1327.2,53.58,118.2,HEALTHY,100.0,Medium,SEED
2026-05-30 14:10:11,SEED-397,L,300.18,313.86,1253.9,54.43,166.4,HEALTHY,100.0,Medium,SEED
2026-05-30 14:20:11,SEED-398,H,301.8,311.71,1303.8,52.14,118.1,HEALTHY,97.0,Medium,SEED
2026-05-30 14:30:11,SEED-399,H,295.37,308.62,1378.7,66.04,230.3,FAULTY,99.5,High,SEED
2026-05-30 14:40:11,SEED-400,L,299.43,310.0,1984.1,35.65,91.9,HEALTHY,99.8,Low,SEED
2026-05-30 14:50:11,SEED-401,M,300.65,310.04,1585.7,52.51,131.8,HEALTHY,97.8,Medium,SEED
2026-05-30 15:00:11,SEED-402,H,300.69,310.7,2166.5,24.35,75.2,HEALTHY,99.9,Low,SEED
2026-05-30 15:10:11,SEED-403,L,295.48,311.73,1230.8,61.19,232.5,FAULTY,99.7,High,SEED
2026-05-30 15:20:11,SEED-404,H,295.48,311.43,1240.5,71.99,216.5,FAULTY,97.3,High,SEED
2026-05-30 15:30:11,SEED-405,M,298.72,311.27,1425.0,44.76,35.4,HEALTHY,99.9,Low,SEED
2026-05-30 15:40:11,SEED-406,M,300.43,310.5,1484.0,20.69,6.5,HEALTHY,100.0,Low,SEED
2026-05-30 15:50:11,SEED-407,L,300.83,309.59,1512.6,32.03,74.7,HEALTHY,99.9,Low,SEED
2026-05-30 16:00:11,SEED-408,M,301.49,308.74,1947.0,43.63,95.7,HEALTHY,99.9,Low,SEED
2026-05-30 16:10:11,SEED-409,M,300.88,310.4,1424.2,37.33,18.8,HEALTHY,99.6,Low,SEED
2026-05-30 16:20:11,SEED-410,L,298.44,311.72,1571.5,44.65,13.7,HEALTHY,100.0,Low,SEED
2026-05-30 16:30:11,SEED-411,M,301.77,309.95,1511.3,47.27,107.3,HEALTHY,99.9,Medium,SEED
2026-05-30 16:40:11,SEED-412,M,298.83,309.88,1784.7,38.44,27.4,HEALTHY,99.9,Low,SEED
2026-05-30 16:50:11,SEED-413,M,299.34,308.66,1436.9,40.67,53.6,HEALTHY,99.9,Low,SEED
2026-05-30 17:00:11,SEED-414,L,300.89,312.97,1362.4,49.74,149.2,HEALTHY,100.0,Medium,SEED
2026-05-30 17:10:11,SEED-415,H,300.23,308.71,1772.3,34.53,24.8,HEALTHY,100.0,Low,SEED
2026-05-30 17:20:11,SEED-416,M,301.85,312.98,1575.9,47.4,191.5,HEALTHY,100.0,Medium,SEED
2026-05-30 17:30:11,SEED-417,H,298.52,311.47,1463.9,28.36,84.5,HEALTHY,100.0,Low,SEED
2026-05-30 17:40:11,SEED-418,L,300.76,309.39,1465.6,40.18,74.0,HEALTHY,99.4,Low,SEED
2026-05-30 17:50:11,SEED-419,L,299.63,313.6,1282.7,52.91,116.8,HEALTHY,100.0,Medium,SEED
2026-05-30 18:00:11,SEED-420,L,300.66,308.19,2024.6,44.73,96.7,HEALTHY,95.7,Low,SEED
2026-05-30 18:10:11,SEED-421,L,300.45,309.12,1931.9,28.61,86.7,HEALTHY,100.0,Low,SEED
2026-05-30 18:20:11,SEED-422,L,300.81,311.94,1462.5,51.29,106.2,HEALTHY,99.1,Medium,SEED
2026-05-30 18:30:11,SEED-423,M,300.08,309.28,2041.9,24.15,36.6,HEALTHY,100.0,Low,SEED
2026-05-30 18:40:11,SEED-424,M,299.16,309.23,1347.7,55.11,192.7,HEALTHY,90.2,Medium,SEED
2026-05-30 18:50:11,SEED-425,L,302.45,312.81,1500.5,51.84,162.6,HEALTHY,97.4,Medium,SEED
2026-05-30 19:00:11,SEED-426,M,299.81,311.11,1693.9,36.38,7.6,HEALTHY,100.0,Low,SEED
2026-05-30 19:10:11,SEED-427,L,301.79,311.52,1421.2,26.85,53.6,HEALTHY,99.4,Low,SEED
2026-05-30 19:20:11,SEED-428,H,299.35,311.05,1489.3,43.92,85.0,HEALTHY,99.9,Low,SEED
2026-05-30 19:30:11,SEED-429,M,300.9,311.01,1954.8,41.92,49.5,HEALTHY,100.0,Low,SEED
2026-05-30 19:40:11,SEED-430,H,302.92,312.71,1492.7,51.71,189.2,HEALTHY,95.5,Medium,SEED
2026-05-30 19:50:11,SEED-431,L,301.89,309.48,1889.1,21.74,98.1,HEALTHY,100.0,Low,SEED
2026-05-30 20:00:11,SEED-432,L,301.72,308.24,1982.8,35.63,81.5,HEALTHY,100.0,Low,SEED
2026-05-30 20:10:11,SEED-433,L,299.19,309.85,1499.2,34.01,13.5,HEALTHY,99.9,Low,SEED
2026-05-30 20:20:11,SEED-434,H,301.27,309.99,1425.4,23.11,51.9,HEALTHY,98.5,Low,SEED
2026-05-30 20:30:11,SEED-435,H,300.91,309.0,1808.9,28.77,57.2,HEALTHY,100.0,Low,SEED
2026-05-30 20:40:11,SEED-436,H,297.64,310.77,1380.5,64.48,220.1,FAULTY,99.9,High,SEED
2026-05-30 20:50:11,SEED-437,M,299.6,310.22,1764.3,44.28,18.3,HEALTHY,99.9,Low,SEED
2026-05-30 21:00:11,SEED-438,H,299.23,310.4,1248.8,55.72,119.7,HEALTHY,99.9,Medium,SEED
2026-05-30 21:10:11,SEED-439,L,300.35,308.34,1738.3,41.8,38.8,HEALTHY,100.0,Low,SEED
2026-05-30 21:20:11,SEED-440,M,300.68,308.73,1484.5,39.69,77.6,HEALTHY,100.0,Low,SEED
2026-05-30 21:30:11,SEED-441,L,299.65,311.7,1311.1,54.84,190.3,HEALTHY,98.1,Medium,SEED
2026-05-30 21:40:11,SEED-442,H,298.47,310.45,1811.6,28.96,90.9,HEALTHY,99.9,Low,SEED
2026-05-30 21:50:11,SEED-443,M,295.78,309.42,1208.6,76.18,233.6,FAULTY,98.8,High,SEED
2026-05-30 22:00:11,SEED-444,H,299.45,312.99,1418.8,52.15,131.2,HEALTHY,100.0,Medium,SEED
2026-05-30 22:10:11,SEED-445,L,301.11,312.56,1530.0,50.34,192.7,HEALTHY,99.8,Medium,SEED
2026-05-30 22:20:11,SEED-446,H,302.29,313.85,1392.5,53.79,155.6,HEALTHY,99.9,Medium,SEED
2026-05-30 22:30:11,SEED-447,L,301.2,309.44,1440.5,20.77,53.2,HEALTHY,99.4,Low,SEED
2026-05-30 22:40:11,SEED-448,M,302.99,313.43,1572.3,51.5,142.5,HEALTHY,99.3,Medium,SEED
2026-05-30 22:50:11,SEED-449,L,299.61,308.51,1846.5,26.43,11.9,HEALTHY,100.0,Low,SEED
2026-05-30 23:00:11,SEED-450,M,298.59,308.9,1736.3,27.21,47.2,HEALTHY,99.9,Low,SEED
2026-05-30 23:10:11,SEED-451,L,300.67,310.11,1336.0,48.33,173.9,HEALTHY,75.3,Medium,SEED
2026-05-30 23:20:11,SEED-452,L,298.43,310.23,1599.0,25.66,5.4,HEALTHY,100.0,Low,SEED
2026-05-30 23:30:11,SEED-453,H,301.55,312.06,1345.5,56.95,130.8,HEALTHY,96.1,Medium,SEED
2026-05-30 23:40:11,SEED-454,H,300.0,308.2,1535.4,27.42,29.0,HEALTHY,100.0,Low,SEED
2026-05-30 23:50:11,SEED-455,L,298.03,310.55,2138.8,26.02,97.9,HEALTHY,99.9,Low,SEED
2026-05-31 00:00:11,SEED-456,H,300.43,308.62,1401.3,41.01,95.4,HEALTHY,99.8,Low,SEED
2026-05-31 00:10:11,SEED-457,H,300.62,309.14,1841.8,44.04,84.6,HEALTHY,99.4,Low,SEED
2026-05-31 00:20:11,SEED-458,M,300.65,309.66,1760.9,20.47,73.1,HEALTHY,100.0,Low,SEED
2026-05-31 00:30:11,SEED-459,M,300.54,311.91,1627.9,40.78,32.2,HEALTHY,100.0,Low,SEED
2026-05-31 00:40:11,SEED-460,L,299.72,311.82,1726.3,40.71,69.1,HEALTHY,100.0,Low,SEED
2026-05-31 00:50:11,SEED-461,H,300.46,311.38,1886.6,22.0,14.6,HEALTHY,100.0,Low,SEED
2026-05-31 01:00:11,SEED-462,H,299.27,311.77,1402.8,49.89,104.4,HEALTHY,99.9,Medium,SEED
2026-05-31 01:10:11,SEED-463,H,299.75,310.75,1441.7,49.71,161.9,HEALTHY,67.3,Medium,SEED
2026-05-31 01:20:11,SEED-464,M,301.29,308.67,2086.4,35.66,5.5,HEALTHY,100.0,Low,SEED
2026-05-31 01:30:11,SEED-465,M,299.64,312.83,1559.4,55.38,140.4,FAULTY,68.9,Medium,SEED
2026-05-31 01:40:11,SEED-466,M,297.34,315.06,1176.8,71.23,245.9,FAULTY,92.0,High,SEED
2026-05-31 01:50:11,SEED-467,M,298.83,311.06,1895.7,36.15,25.1,HEALTHY,100.0,Low,SEED
2026-05-31 02:00:11,SEED-468,L,301.69,311.67,1545.8,25.46,38.9,HEALTHY,100.0,Low,SEED
2026-05-31 02:10:11,SEED-469,M,301.89,309.33,2083.4,21.61,95.8,HEALTHY,100.0,Low,SEED
2026-05-31 02:20:11,SEED-470,H,299.76,309.65,1778.6,31.05,26.1,HEALTHY,99.9,Low,SEED
2026-05-31 02:30:11,SEED-471,H,299.56,308.13,1445.1,24.02,5.4,HEALTHY,100.0,Low,SEED
2026-05-31 02:40:11,SEED-472,H,300.02,311.05,1462.1,33.9,75.6,HEALTHY,99.3,Low,SEED
2026-05-31 02:50:11,SEED-473,M,295.09,313.16,1291.0,74.4,235.1,FAULTY,97.9,High,SEED
2026-05-31 03:00:11,SEED-474,L,301.45,308.53,1749.2,44.15,98.7,HEALTHY,100.0,Low,SEED
2026-05-31 03:10:11,SEED-475,L,298.54,308.32,1560.8,22.7,19.3,HEALTHY,100.0,Low,SEED
2026-05-31 03:20:11,SEED-476,M,298.78,311.77,2079.9,34.9,7.6,HEALTHY,100.0,Low,SEED
2026-05-31 03:30:11,SEED-477,L,300.9,309.46,1764.6,20.53,21.8,HEALTHY,100.0,Low,SEED
2026-05-31 03:40:11,SEED-478,H,296.58,308.33,1380.1,70.73,210.3,FAULTY,98.8,High,SEED
2026-05-31 03:50:11,SEED-479,M,300.99,309.72,1663.0,34.27,98.1,HEALTHY,99.9,Low,SEED
2026-05-31 04:00:11,SEED-480,H,299.84,309.89,1356.5,46.29,163.6,HEALTHY,89.3,Medium,SEED
2026-05-31 04:10:11,SEED-481,M,301.74,310.47,1783.5,35.12,36.4,HEALTHY,100.0,Low,SEED
2026-05-31 04:20:11,SEED-482,L,296.82,311.95,1251.0,67.82,253.0,FAULTY,99.3,High,SEED
2026-05-31 04:30:11,SEED-483,L,300.88,308.44,1458.8,44.6,99.1,HEALTHY,100.0,Low,SEED
2026-05-31 04:40:11,SEED-484,M,299.81,311.77,1445.7,48.68,105.4,HEALTHY,100.0,Medium,SEED
2026-05-31 04:50:11,SEED-485,L,299.13,312.43,1359.5,53.76,195.4,HEALTHY,98.7,Medium,SEED
2026-05-31 05:00:11,SEED-486,H,301.94,308.45,1976.1,32.93,53.3,HEALTHY,100.0,Low,SEED
2026-05-31 05:10:11,SEED-487,H,302.58,311.29,1484.2,52.93,147.6,HEALTHY,78.0,Medium,SEED
2026-05-31 05:20:11,SEED-488,L,295.54,309.36,1295.3,60.32,231.6,FAULTY,99.8,High,SEED
2026-05-31 05:30:11,SEED-489,M,301.81,311.84,1974.7,38.08,3.9,HEALTHY,100.0,Low,SEED
2026-05-31 05:40:11,SEED-490,M,302.0,309.11,1736.6,22.34,47.5,HEALTHY,100.0,Low,SEED
2026-05-31 05:50:11,SEED-491,L,301.37,310.32,1765.1,31.56,49.9,HEALTHY,99.7,Low,SEED
2026-05-31 06:00:11,SEED-492,L,299.27,308.67,2081.9,41.7,66.1,HEALTHY,92.6,Low,SEED
2026-05-31 06:10:11,SEED-493,H,299.53,311.08,1956.4,38.76,2.7,HEALTHY,99.8,Low,SEED
2026-05-31 06:20:11,SEED-494,M,298.83,308.52,1506.7,24.3,76.4,HEALTHY,100.0,Low,SEED
2026-05-31 06:30:11,SEED-495,M,301.15,313.88,1338.0,51.26,120.7,HEALTHY,100.0,Medium,SEED
2026-05-31 06:40:11,SEED-496,M,299.04,308.63,1492.7,29.25,4.4,HEALTHY,100.0,Low,SEED
2026-05-31 06:50:11,SEED-497,H,295.52,310.89,1306.9,61.96,212.7,FAULTY,94.0,High,SEED
2026-05-31 07:00:11,SEED-498,H,300.11,308.53,2108.8,36.38,53.5,HEALTHY,99.9,Low,SEED
2026-05-31 07:10:11,SEED-499,L,299.07,308.34,1769.1,23.83,28.9,HEALTHY,100.0,Low,SEED
2026-05-31 07:20:11,SEED-500,M,298.03,311.42,1768.7,32.63,56.1,HEALTHY,100.0,Low,SEED
2026-05-31 07:30:11,SEED-501,H,299.95,309.05,1790.2,41.19,88.2,HEALTHY,99.9,Low,SEED
2026-05-31 07:40:11,SEED-502,H,295.94,312.91,1226.6,71.23,251.5,FAULTY,98.2,High,SEED
2026-05-31 07:50:11,SEED-503,L,299.86,310.44,1890.4,40.47,68.2,HEALTHY,98.6,Low,SEED
2026-05-31 08:00:11,SEED-504,M,301.07,311.96,1379.0,55.42,130.0,HEALTHY,88.1,Medium,SEED
2026-05-31 08:10:11,SEED-505,M,301.79,309.31,2165.2,31.51,72.1,HEALTHY,100.0,Low,SEED
2026-05-31 08:20:11,SEED-506,H,300.41,311.77,1832.1,44.92,10.0,HEALTHY,99.7,Low,SEED
2026-05-31 08:30:11,SEED-507,M,299.16,311.29,2104.8,39.33,2.5,HEALTHY,99.8,Low,SEED
2026-05-31 08:40:11,SEED-508,L,301.12,311.43,1709.5,34.14,2.5,HEALTHY,100.0,Low,SEED
2026-05-31 08:50:11,SEED-509,L,300.01,310.2,1874.2,31.67,72.3,HEALTHY,99.9,Low,SEED
2026-05-31 09:00:11,SEED-510,M,299.62,308.16,1674.1,34.31,7.0,HEALTHY,100.0,Low,SEED
2026-05-31 09:10:11,SEED-511,L,299.19,310.45,2198.4,21.3,93.3,HEALTHY,99.0,Low,SEED
2026-05-31 09:20:11,SEED-512,M,299.91,313.02,1495.3,46.53,195.1,HEALTHY,100.0,Medium,SEED
2026-05-31 09:30:11,SEED-513,H,302.17,312.38,1581.1,54.04,174.0,HEALTHY,84.9,Medium,SEED
2026-05-31 09:40:11,SEED-514,M,298.63,310.56,1640.2,34.72,44.2,HEALTHY,100.0,Low,SEED
2026-05-31 09:50:11,SEED-515,M,301.68,311.18,1686.7,24.23,33.1,HEALTHY,100.0,Low,SEED
2026-05-31 10:00:11,SEED-516,L,299.97,309.68,1966.1,33.38,61.8,HEALTHY,99.9,Low,SEED
2026-05-31 10:10:11,SEED-517,H,295.64,311.76,1242.7,72.94,232.5,FAULTY,98.4,High,SEED
2026-05-31 10:20:11,SEED-518,L,299.86,311.53,1528.4,37.6,36.0,HEALTHY,100.0,Low,SEED
2026-05-31 10:30:11,SEED-519,L,295.9,309.1,1333.5,70.82,249.9,FAULTY,99.9,High,SEED
2026-05-31 10:40:11,SEED-520,M,295.14,308.37,1368.3,75.82,224.9,FAULTY,97.9,High,SEED
2026-05-31 10:50:11,SEED-521,L,298.85,309.81,2085.3,39.81,18.1,HEALTHY,99.4,Low,SEED
2026-05-31 11:00:11,SEED-522,H,296.93,315.69,1224.8,74.39,237.4,FAULTY,98.2,High,SEED
2026-05-31 11:10:11,SEED-523,L,295.2,312.89,1178.1,62.57,238.4,FAULTY,99.7,High,SEED
2026-05-31 11:20:11,SEED-524,L,298.88,309.75,1953.2,39.67,3.9,HEALTHY,99.7,Low,SEED
2026-05-31 11:30:11,SEED-525,H,299.63,309.71,1545.0,41.03,55.6,HEALTHY,99.7,Low,SEED
2026-05-31 11:40:11,SEED-526,L,300.6,308.79,1895.8,39.66,8.1,HEALTHY,100.0,Low,SEED
2026-05-31 11:50:11,SEED-527,H,301.09,309.25,1205.8,46.31,171.5,FAULTY,99.8,Medium,SEED
2026-05-31 12:00:11,SEED-528,H,298.29,309.56,2191.7,24.54,21.2,HEALTHY,99.9,Low,SEED
2026-05-31 12:10:11,SEED-529,L,301.79,310.31,2158.3,30.18,45.2,HEALTHY,99.8,Low,SEED
2026-05-31 12:20:11,SEED-530,M,299.38,309.86,1669.4,22.87,49.5,HEALTHY,99.4,Low,SEED
2026-05-31 12:30:11,SEED-531,H,300.35,309.31,1494.3,46.63,199.7,HEALTHY,93.4,Medium,SEED
2026-05-31 12:40:11,SEED-532,H,300.58,310.92,1703.7,21.01,70.5,HEALTHY,99.6,Low,SEED
2026-05-31 12:50:11,SEED-533,L,298.01,311.04,1719.9,42.08,61.5,HEALTHY,99.8,Low,SEED
2026-05-31 13:00:11,SEED-534,H,299.69,311.66,1611.8,31.16,67.7,HEALTHY,100.0,Low,SEED
2026-05-31 13:10:11,SEED-535,M,301.83,310.96,2159.3,23.4,81.4,HEALTHY,99.9,Low,SEED
2026-05-31 13:20:11,SEED-536,L,298.56,309.84,2174.4,21.37,92.3,HEALTHY,98.8,Low,SEED
2026-05-31 13:30:11,SEED-537,H,301.52,311.81,1802.6,39.08,74.6,HEALTHY,99.9,Low,SEED
2026-05-31 13:40:11,SEED-538,H,301.55,309.33,1529.5,27.84,12.4,HEALTHY,100.0,Low,SEED
2026-05-31 13:50:11,SEED-539,M,296.85,310.98,1249.9,67.93,250.4,FAULTY,93.3,High,SEED
2026-05-31 14:00:11,SEED-540,L,299.78,309.89,2120.8,20.19,71.1,HEALTHY,99.3,Low,SEED
2026-05-31 14:10:11,SEED-541,H,300.68,308.2,2066.9,43.49,46.5,HEALTHY,94.2,Low,SEED
2026-05-31 14:20:11,SEED-542,M,296.16,312.95,1292.6,75.86,209.0,FAULTY,95.3,High,SEED
2026-05-31 14:30:11,SEED-543,H,301.83,313.65,1283.4,53.05,187.2,HEALTHY,100.0,Medium,SEED
2026-05-31 14:40:11,SEED-544,M,295.03,315.58,1195.1,63.74,201.0,FAULTY,80.1,High,SEED
2026-05-31 14:50:11,SEED-545,L,300.68,312.7,1234.2,49.12,111.2,HEALTHY,100.0,Medium,SEED
2026-05-31 15:00:11,SEED-546,M,299.92,310.25,1573.4,52.03,142.6,HEALTHY,89.5,Medium,SEED
2026-05-31 15:10:11,SEED-547,M,295.3,315.86,1361.1,62.43,222.6,FAULTY,90.8,High,SEED
2026-05-31 15:20:11,SEED-548,M,301.35,308.67,1674.2,20.29,48.7,HEALTHY,100.0,Low,SEED
2026-05-31 15:30:11,SEED-549,L,295.28,310.96,1194.2,66.73,244.9,FAULTY,99.8,High,SEED
2026-05-31 15:40:11,SEED-550,L,301.42,310.78,1690.3,29.48,78.0,HEALTHY,99.0,Low,SEED
2026-05-31 15:50:11,SEED-551,M,301.0,310.94,1592.3,35.13,14.7,HEALTHY,100.0,Low,SEED
2026-05-31 16:00:11,SEED-552,M,301.28,310.77,1447.6,36.52,50.6,HEALTHY,99.5,Low,SEED
2026-05-31 16:10:11,SEED-553,L,301.91,311.44,2085.5,28.13,89.2,HEALTHY,99.7,Low,SEED
2026-05-31 16:20:11,SEED-554,H,300.72,310.08,1474.5,46.26,131.8,HEALTHY,99.2,Medium,SEED
2026-05-31 16:30:11,SEED-555,H,298.21,308.21,2142.2,26.74,68.3,HEALTHY,100.0,Low,SEED
2026-05-31 16:40:11,SEED-556,L,299.62,312.51,1475.8,56.37,185.3,HEALTHY,71.7,Medium,SEED
2026-05-31 16:50:11,SEED-557,M,298.99,310.62,1427.1,20.72,8.1,HEALTHY,100.0,Low,SEED
2026-05-31 17:00:11,SEED-558,M,299.66,310.68,2019.1,25.28,22.0,HEALTHY,100.0,Low,SEED
2026-05-31 17:10:11,SEED-559,M,301.16,310.6,1727.2,24.98,77.5,HEALTHY,100.0,Low,SEED
2026-05-31 17:20:11,SEED-560,M,301.93,309.71,1417.6,21.53,91.2,HEALTHY,99.9,Low,SEED
2026-05-31 17:30:11,SEED-561,M,302.08,310.57,1431.2,47.72,178.1,HEALTHY,71.4,Medium,SEED
2026-05-31 17:40:11,SEED-562,H,301.57,310.38,1718.9,20.97,90.3,HEALTHY,99.9,Low,SEED
2026-05-31 17:50:11,SEED-563,L,302.79,313.24,1518.8,49.94,102.5,HEALTHY,99.8,Medium,SEED
2026-05-31 18:00:11,SEED-564,L,298.23,310.39,1567.4,28.85,14.0,HEALTHY,100.0,Low,SEED
2026-05-31 18:10:11,SEED-565,M,302.27,309.23,1268.7,54.72,157.8,FAULTY,99.3,Medium,SEED
2026-05-31 18:20:11,SEED-566,M,296.46,314.76,1310.4,69.06,228.3,FAULTY,98.3,High,SEED
2026-05-31 18:30:11,SEED-567,M,301.86,309.3,1561.3,31.88,99.5,HEALTHY,100.0,Low,SEED
2026-05-31 18:40:11,SEED-568,H,296.29,311.68,1395.6,61.07,243.5,FAULTY,94.4,High,SEED
2026-05-31 18:50:11,SEED-569,L,295.18,315.65,1230.5,64.17,207.7,FAULTY,99.3,High,SEED
2026-05-31 19:00:11,SEED-570,L,301.56,309.38,1493.1,52.84,157.5,HEALTHY,91.2,Medium,SEED
2026-05-31 19:10:11,SEED-571,H,299.68,310.35,1957.7,43.96,94.8,HEALTHY,86.0,Low,SEED
2026-05-31 19:20:11,SEED-572,L,299.65,308.77,1585.4,21.73,50.8,HEALTHY,100.0,Low,SEED
2026-05-31 19:30:11,SEED-573,M,299.33,308.42,1971.8,40.07,93.8,HEALTHY,100.0,Low,SEED
2026-05-31 19:40:11,SEED-574,M,301.91,310.66,1561.7,20.82,26.9,HEALTHY,100.0,Low,SEED
2026-05-31 19:50:11,SEED-575,H,299.78,311.42,1647.8,31.91,10.8,HEALTHY,100.0,Low,SEED
2026-05-31 20:00:11,SEED-576,H,299.81,309.77,1650.9,36.19,0.1,HEALTHY,99.9,Low,SEED
2026-05-31 20:10:11,SEED-577,H,300.06,308.05,2009.5,32.37,48.9,HEALTHY,100.0,Low,SEED
2026-05-31 20:20:11,SEED-578,L,299.01,309.85,1883.1,32.81,15.2,HEALTHY,100.0,Low,SEED
2026-05-31 20:30:11,SEED-579,L,298.1,309.84,2080.0,22.36,92.3,HEALTHY,99.7,Low,SEED
2026-05-31 20:40:11,SEED-580,H,298.48,309.51,1598.2,39.52,65.5,HEALTHY,99.8,Low,SEED
2026-05-31 20:50:11,SEED-581,M,301.88,311.47,1478.7,56.5,109.7,HEALTHY,52.1,Medium,SEED
2026-05-31 21:00:11,SEED-582,M,296.32,310.3,1255.9,73.71,207.7,FAULTY,95.2,High,SEED
2026-05-31 21:10:11,SEED-583,L,298.29,310.28,1877.8,39.68,79.6,HEALTHY,99.8,Low,SEED
2026-05-31 21:20:11,SEED-584,H,298.21,310.87,1987.7,28.41,99.3,HEALTHY,99.9,Low,SEED
2026-05-31 21:30:11,SEED-585,L,300.53,312.09,1333.8,50.28,164.7,HEALTHY,100.0,Medium,SEED
2026-05-31 21:40:11,SEED-586,M,295.69,313.47,1299.4,74.52,206.5,FAULTY,95.6,High,SEED
2026-05-31 21:50:11,SEED-587,H,299.98,312.72,1207.8,52.85,124.2,HEALTHY,100.0,Medium,SEED
2026-05-31 22:00:11,SEED-588,L,300.66,310.96,1437.2,28.5,0.3,HEALTHY,99.7,Low,SEED
2026-05-31 22:10:11,SEED-589,H,301.0,309.89,1596.5,47.02,177.4,HEALTHY,94.8,Medium,SEED
2026-05-31 22:20:11,SEED-590,M,299.09,309.29,1456.2,54.92,174.3,FAULTY,82.4,Medium,SEED
2026-05-31 22:30:11,SEED-591,M,298.53,308.69,1833.1,29.7,66.2,HEALTHY,100.0,Low,SEED
2026-05-31 22:40:11,SEED-592,H,298.78,309.27,1810.0,26.31,45.6,HEALTHY,97.5,Low,SEED
2026-05-31 22:50:11,SEED-593,L,296.66,312.2,1382.2,69.39,250.8,FAULTY,99.9,High,SEED
2026-05-31 23:00:11,SEED-594,H,299.98,310.57,2077.3,34.84,45.2,HEALTHY,99.3,Low,SEED
2026-05-31 23:10:11,SEED-595,H,301.67,308.67,2124.9,40.58,10.3,HEALTHY,94.5,Low,SEED
2026-05-31 23:20:11,SEED-596,L,298.31,310.5,1861.2,40.13,16.7,HEALTHY,100.0,Low,SEED
2026-05-31 23:30:11,SEED-597,M,298.04,311.22,2173.1,21.41,35.1,HEALTHY,100.0,Low,SEED
2026-05-31 23:40:11,SEED-598,M,299.58,308.26,1727.7,23.57,13.9,HEALTHY,100.0,Low,SEED
2026-05-31 23:50:11,SEED-599,L,302.99,310.64,1325.8,47.24,132.5,FAULTY,99.8,Medium,SEED
2026-06-01 00:00:11,SEED-600,H,298.34,311.85,1457.5,36.3,77.6,HEALTHY,100.0,Low,SEED
2026-06-01 00:10:11,SEED-601,M,297.37,313.91,1348.7,67.53,250.0,FAULTY,96.7,High,SEED
2026-06-01 00:20:11,SEED-602,M,295.67,315.55,1173.0,62.84,204.7,FAULTY,72.2,High,SEED
2026-06-01 00:30:11,SEED-603,L,298.21,309.8,1489.5,23.82,36.6,HEALTHY,100.0,Low,SEED
2026-06-01 00:40:11,SEED-604,L,301.3,309.18,2147.6,26.18,44.5,HEALTHY,100.0,Low,SEED
2026-06-01 00:50:11,SEED-605,L,301.73,311.45,1740.1,26.16,18.0,HEALTHY,100.0,Low,SEED
2026-06-01 01:00:11,SEED-606,M,301.61,313.1,1553.0,51.33,102.6,HEALTHY,99.9,Medium,SEED
2026-06-01 01:10:11,SEED-607,M,298.07,309.28,1592.8,27.62,51.5,HEALTHY,99.9,Low,SEED
2026-06-01 01:20:11,SEED-608,H,298.83,310.54,1605.6,41.23,66.9,HEALTHY,100.0,Low,SEED
2026-06-01 01:30:11,SEED-609,L,300.64,309.66,1705.6,42.78,82.7,HEALTHY,99.7,Low,SEED
2026-06-01 01:40:11,SEED-610,M,296.61,311.27,1324.1,74.92,200.2,FAULTY,94.3,High,SEED
2026-06-01 01:50:11,SEED-611,M,300.94,311.7,1476.6,39.55,55.6,HEALTHY,99.9,Low,SEED
2026-06-01 02:00:11,SEED-612,H,300.44,308.74,1587.4,42.58,34.8,HEALTHY,100.0,Low,SEED
2026-06-01 02:10:11,SEED-613,L,298.68,309.74,2143.3,24.63,95.7,HEALTHY,99.2,Low,SEED
2026-06-01 02:20:11,SEED-614,L,299.38,310.6,1555.6,57.96,179.1,FAULTY,96.5,Medium,SEED
2026-06-01 02:30:11,SEED-615,M,298.63,309.72,1593.8,22.68,92.9,HEALTHY,99.8,Low,SEED
2026-06-01 02:40:11,SEED-616,L,299.93,309.58,1615.2,39.84,81.6,HEALTHY,99.9,Low,SEED
2026-06-01 02:50:11,SEED-617,H,300.52,311.34,1519.3,23.22,22.2,HEALTHY,100.0,Low,SEED
2026-06-01 03:00:11,SEED-618,L,299.19,311.12,1525.2,28.32,84.5,HEALTHY,99.9,Low,SEED
2026-06-01 03:10:11,SEED-619,L,299.12,309.32,2018.2,44.81,70.2,HEALTHY,53.8,Medium,SEED
2026-06-01 03:20:11,SEED-620,M,298.54,308.12,2138.2,37.95,89.1,HEALTHY,99.8,Low,SEED
2026-06-01 03:30:11,SEED-621,H,301.21,308.63,1897.1,44.06,27.5,HEALTHY,99.8,Low,SEED
2026-06-01 03:40:11,SEED-622,H,302.31,310.42,1274.8,55.83,106.7,FAULTY,99.9,Medium,SEED
2026-06-01 03:50:11,SEED-623,L,300.51,308.44,2105.9,44.24,29.8,HEALTHY,95.9,Low,SEED
2026-06-01 04:00:11,SEED-624,L,300.22,313.21,1384.0,53.02,188.7,HEALTHY,99.7,Medium,SEED
2026-06-01 04:10:11,SEED-625,M,295.18,313.5,1339.0,65.57,219.0,FAULTY,98.9,High,SEED
2026-06-01 04:20:11,SEED-626,L,301.46,308.8,2166.6,43.21,99.7,HEALTHY,96.6,Low,SEED
2026-06-01 04:30:11,SEED-627,H,299.03,310.77,2163.5,20.61,75.6,HEALTHY,100.0,Low,SEED
2026-06-01 04:40:11,SEED-628,L,299.35,308.51,2046.3,31.06,21.6,HEALTHY,100.0,Low,SEED
2026-06-01 04:50:11,SEED-629,M,302.62,313.44,1388.5,53.09,126.1,HEALTHY,98.9,Medium,SEED
2026-06-01 05:00:11,SEED-630,L,300.36,311.55,1457.4,35.04,98.7,HEALTHY,99.7,Low,SEED
2026-06-01 05:10:11,SEED-631,M,299.19,310.38,1512.0,56.89,164.7,HEALTHY,61.2,Medium,SEED
2026-06-01 05:20:11,SEED-632,M,299.37,308.19,1687.8,24.83,41.6,HEALTHY,100.0,Low,SEED
2026-06-01 05:30:11,SEED-633,H,295.79,312.09,1362.0,68.51,202.7,FAULTY,91.1,High,SEED
2026-06-01 05:40:11,SEED-634,M,301.23,308.27,1877.4,24.78,21.9,HEALTHY,100.0,Low,SEED
2026-06-01 05:50:11,SEED-635,M,296.87,313.58,1254.6,74.99,243.6,FAULTY,98.0,High,SEED
2026-06-01 06:00:11,SEED-636,M,300.59,310.42,1836.5,23.01,8.6,HEALTHY,100.0,Low,SEED
2026-06-01 06:10:11,SEED-637,M,302.02,312.66,1318.0,57.97,181.7,HEALTHY,96.0,Medium,SEED
2026-06-01 06:20:11,SEED-638,M,301.47,309.19,1354.8,51.28,178.7,FAULTY,94.5,Medium,SEED
2026-06-01 06:30:11,SEED-639,L,300.69,311.04,1392.2,54.35,129.6,HEALTHY,62.2,Medium,SEED
2026-06-01 06:40:11,SEED-640,L,302.44,310.58,1377.9,48.84,183.3,FAULTY,99.9,Medium,SEED
2026-06-01 06:50:11,SEED-641,M,301.19,310.5,1541.0,23.73,37.4,HEALTHY,100.0,Low,SEED
2026-06-01 07:00:11,SEED-642,M,299.46,309.09,1580.5,46.4,161.7,HEALTHY,99.8,Medium,SEED
2026-06-01 07:10:11,SEED-643,H,298.56,311.75,1936.9,32.86,26.4,HEALTHY,100.0,Low,SEED
2026-06-01 07:20:11,SEED-644,H,300.45,312.59,1343.7,47.08,123.1,HEALTHY,100.0,Medium,SEED
2026-06-01 07:30:11,SEED-645,L,300.54,311.03,2070.9,40.03,75.8,HEALTHY,98.1,Low,SEED
2026-06-01 07:40:11,SEED-646,L,300.28,309.68,1444.9,27.14,9.8,HEALTHY,99.7,Low,SEED
2026-06-01 07:50:11,SEED-647,H,299.62,310.86,1470.4,55.36,167.8,FAULTY,90.1,Medium,SEED
2026-06-01 08:00:11,SEED-648,H,299.14,312.9,1422.6,51.23,139.1,HEALTHY,100.0,Medium,SEED
2026-06-01 08:10:11,SEED-649,M,297.77,314.99,1377.6,74.98,219.5,FAULTY,98.9,High,SEED
2026-06-01 08:20:11,SEED-650,L,302.54,311.86,1253.6,51.38,105.3,HEALTHY,81.7,Medium,SEED
2026-06-01 08:30:11,SEED-651,L,301.5,311.61,2159.0,39.77,98.5,HEALTHY,99.5,Low,SEED
2026-06-01 08:40:11,SEED-652,M,299.93,310.53,2158.4,38.6,41.7,HEALTHY,99.9,Low,SEED
2026-06-01 08:50:11,SEED-653,L,301.34,313.82,1214.7,53.25,101.6,HEALTHY,100.0,Medium,SEED
2026-06-01 09:00:11,SEED-654,M,300.81,311.51,2081.3,26.62,36.3,HEALTHY,100.0,Low,SEED
2026-06-01 09:10:11,SEED-655,M,296.48,313.97,1221.9,67.79,224.6,FAULTY,92.0,High,SEED
2026-06-01 09:20:11,SEED-656,H,300.08,310.69,1491.8,54.79,150.9,HEALTHY,55.4,Medium,SEED
2026-06-01 09:30:11,SEED-657,H,296.75,312.58,1365.3,74.08,246.7,FAULTY,99.5,High,SEED
2026-06-01 09:40:11,SEED-658,H,299.65,310.69,2139.2,38.1,60.7,HEALTHY,98.1,Low,SEED
2026-06-01 09:50:11,SEED-659,L,301.34,310.54,1563.8,51.46,163.7,HEALTHY,74.9,Medium,SEED
2026-06-01 10:00:11,SEED-660,H,300.72,308.67,1594.7,20.13,91.2,HEALTHY,100.0,Low,SEED
2026-06-01 10:10:11,SEED-661,L,299.75,309.68,1757.8,22.25,81.3,HEALTHY,99.2,Low,SEED
2026-06-01 10:20:11,SEED-662,L,299.29,309.23,2086.1,28.56,35.9,HEALTHY,99.5,Low,SEED
2026-06-01 10:30:11,SEED-663,L,298.52,308.77,1433.6,39.69,35.3,HEALTHY,98.2,Low,SEED
2026-06-01 10:40:11,SEED-664,L,300.0,311.1,1981.9,41.7,92.7,HEALTHY,99.8,Low,SEED
2026-06-01 10:50:11,SEED-665,M,302.63,309.42,1251.3,53.86,106.5,FAULTY,99.2,Medium,SEED
2026-06-01 11:00:11,SEED-666,M,301.93,310.89,1499.0,33.13,82.1,HEALTHY,99.8,Low,SEED
2026-06-01 11:10:11,SEED-667,H,300.19,313.22,1460.7,48.6,179.5,HEALTHY,99.8,Medium,SEED
2026-06-01 11:20:11,SEED-668,M,296.17,310.82,1185.6,65.18,245.9,FAULTY,91.8,High,SEED
2026-06-01 11:30:11,SEED-669,L,296.13,314.93,1173.6,74.24,221.0,FAULTY,99.8,High,SEED
2026-06-01 11:40:11,SEED-670,H,299.74,311.8,1407.6,31.51,57.4,HEALTHY,100.0,Low,SEED
2026-06-01 11:50:11,SEED-671,M,301.28,310.14,1581.3,32.7,11.8,HEALTHY,100.0,Low,SEED
2026-06-01 12:00:11,SEED-672,M,298.88,310.88,1745.3,42.85,4.2,HEALTHY,100.0,Low,SEED
2026-06-01 12:10:11,SEED-673,H,298.68,310.47,2006.0,30.08,20.4,HEALTHY,100.0,Low,SEED
2026-06-01 12:20:11,SEED-674,L,299.79,311.74,1623.5,27.16,43.7,HEALTHY,100.0,Low,SEED
2026-06-01 12:30:11,SEED-675,L,299.28,310.97,1542.5,27.41,11.6,HEALTHY,100.0,Low,SEED
2026-06-01 12:40:11,SEED-676,L,299.34,310.06,1391.0,46.48,161.8,HEALTHY,62.2,Medium,SEED
2026-06-01 12:50:11,SEED-677,L,300.73,309.83,1398.3,48.51,120.0,HEALTHY,97.3,Medium,SEED
2026-06-01 13:00:11,SEED-678,L,298.68,308.03,2173.4,35.3,8.7,HEALTHY,100.0,Low,SEED
2026-06-01 13:10:11,SEED-679,M,298.41,311.89,1574.5,39.24,77.5,HEALTHY,100.0,Low,SEED
2026-06-01 13:20:11,SEED-680,H,300.3,309.55,2120.7,42.58,40.6,HEALTHY,57.0,Medium,SEED
2026-06-01 13:30:11,SEED-681,L,300.27,311.69,2046.8,29.42,35.4,HEALTHY,100.0,Low,SEED
2026-06-01 13:40:11,SEED-682,L,299.49,311.95,1213.4,46.31,128.5,HEALTHY,99.9,Medium,SEED
2026-06-01 13:50:11,SEED-683,M,301.78,311.84,1880.8,29.99,65.8,HEALTHY,100.0,Low,SEED
2026-06-01 14:00:11,SEED-684,M,301.16,311.86,1950.9,34.98,5.3,HEALTHY,100.0,Low,SEED
2026-06-01 14:10:11,SEED-685,H,299.31,310.92,2193.8,30.44,40.9,HEALTHY,99.9,Low,SEED
2026-06-01 14:20:11,SEED-686,L,301.39,308.49,1969.6,30.16,86.9,HEALTHY,100.0,Low,SEED
2026-06-01 14:30:11,SEED-687,L,299.33,310.37,1690.3,25.32,62.1,HEALTHY,97.4,Low,SEED
2026-06-01 14:40:11,SEED-688,H,299.35,313.47,1463.1,49.14,155.6,HEALTHY,99.6,Medium,SEED
2026-06-01 14:50:11,SEED-689,L,298.3,311.48,2165.3,35.27,18.6,HEALTHY,100.0,Low,SEED
2026-06-01 15:00:11,SEED-690,L,300.04,308.43,2143.9,33.23,24.7,HEALTHY,100.0,Low,SEED
2026-06-01 15:10:11,SEED-691,M,301.89,310.0,1638.5,34.4,78.9,HEALTHY,100.0,Low,SEED
2026-06-01 15:20:11,SEED-692,H,301.81,308.37,1480.3,27.02,53.0,HEALTHY,100.0,Low,SEED
2026-06-01 15:30:11,SEED-693,H,296.21,309.34,1343.7,70.67,216.3,FAULTY,98.6,High,SEED
2026-06-01 15:40:11,SEED-694,H,296.61,314.25,1255.9,65.51,234.7,FAULTY,92.0,High,SEED
2026-06-01 15:50:11,SEED-695,M,297.84,309.04,1311.8,67.01,212.5,FAULTY,98.9,High,SEED
2026-06-01 16:00:11,SEED-696,L,300.28,310.44,1703.6,41.07,33.2,HEALTHY,99.8,Low,SEED
2026-06-01 16:10:11,SEED-697,L,300.79,308.83,1689.2,24.96,81.2,HEALTHY,100.0,Low,SEED
2026-06-01 16:20:11,SEED-698,M,302.82,313.14,1421.1,52.48,123.9,HEALTHY,98.6,Medium,SEED
2026-06-01 16:30:11,SEED-699,M,299.95,310.59,1673.4,22.7,30.4,HEALTHY,100.0,Low,SEED
2026-06-01 16:40:11,SEED-700,L,300.54,311.73,2095.2,37.6,73.2,HEALTHY,99.8,Low,SEED
2026-06-01 16:50:11,SEED-701,L,299.72,310.26,1488.2,46.39,108.0,HEALTHY,84.2,Medium,SEED
2026-06-01 17:00:11,SEED-702,M,299.06,311.45,1990.1,24.47,18.9,HEALTHY,100.0,Low,SEED
2026-06-01 17:10:11,SEED-703,M,297.39,308.86,1372.8,65.17,208.2,FAULTY,96.3,High,SEED
2026-06-01 17:20:11,SEED-704,H,300.46,311.12,1451.9,39.06,39.4,HEALTHY,99.0,Low,SEED
2026-06-01 17:30:11,SEED-705,H,299.04,310.21,1854.7,34.04,81.3,HEALTHY,99.5,Low,SEED
2026-06-01 17:40:11,SEED-706,L,299.17,309.79,1774.4,26.84,56.5,HEALTHY,99.3,Low,SEED
2026-06-01 17:50:11,SEED-707,M,301.27,311.39,2080.0,38.41,49.8,HEALTHY,100.0,Low,SEED
2026-06-01 18:00:11,SEED-708,M,301.65,310.95,1548.6,49.86,143.9,HEALTHY,99.4,Medium,SEED
2026-06-01 18:10:11,SEED-709,M,300.32,311.39,1664.9,27.49,40.8,HEALTHY,100.0,Low,SEED
2026-06-01 18:20:11,SEED-710,H,301.37,308.89,1966.9,21.74,58.4,HEALTHY,100.0,Low,SEED
2026-06-01 18:30:11,SEED-711,L,299.76,310.57,1422.9,51.32,127.3,HEALTHY,83.1,Medium,SEED
2026-06-01 18:40:11,SEED-712,M,299.84,312.66,1593.7,49.42,178.6,HEALTHY,100.0,Medium,SEED
2026-06-01 18:50:11,SEED-713,L,297.48,308.28,1392.3,75.37,237.3,FAULTY,100.0,High,SEED
2026-06-01 19:00:11,SEED-714,H,299.72,309.79,1745.9,29.64,30.1,HEALTHY,99.9,Low,SEED
2026-06-01 19:10:11,SEED-715,H,300.86,310.26,1491.0,31.76,72.3,HEALTHY,99.7,Low,SEED
2026-06-01 19:20:11,SEED-716,M,301.29,311.74,2123.0,41.21,19.9,HEALTHY,93.4,Low,SEED
2026-06-01 19:30:11,SEED-717,L,297.0,313.86,1181.6,73.84,221.6,FAULTY,99.8,High,SEED
2026-06-01 19:40:11,SEED-718,L,299.63,311.53,1444.1,50.12,169.5,HEALTHY,98.8,Medium,SEED
2026-06-01 19:50:11,SEED-719,H,299.12,310.29,1718.7,40.79,15.9,HEALTHY,99.8,Low,SEED
2026-06-01 20:00:11,SEED-720,L,301.47,308.67,1952.6,42.4,26.8,HEALTHY,99.9,Low,SEED
2026-06-01 20:10:11,SEED-721,H,302.81,309.86,1435.4,50.22,140.4,HEALTHY,92.8,Medium,SEED
2026-06-01 20:20:11,SEED-722,H,301.02,311.59,1397.7,56.8,159.8,FAULTY,95.4,Medium,SEED
2026-06-01 20:30:11,SEED-723,H,299.89,309.89,1404.5,30.87,38.5,HEALTHY,98.4,Low,SEED
2026-06-01 20:40:11,SEED-724,M,299.31,311.44,1897.8,42.98,0.6,HEALTHY,99.9,Low,SEED
2026-06-01 20:50:11,SEED-725,H,295.95,308.45,1253.6,72.59,223.6,FAULTY,99.3,High,SEED
2026-06-01 21:00:11,SEED-726,H,301.76,311.16,2196.9,34.2,60.8,HEALTHY,99.7,Low,SEED
2026-06-01 21:10:11,SEED-727,M,298.95,309.44,1819.4,38.56,42.4,HEALTHY,100.0,Low,SEED
2026-06-01 21:20:11,SEED-728,L,296.93,313.7,1296.0,72.24,205.2,FAULTY,99.4,High,SEED
2026-06-01 21:30:11,SEED-729,H,299.23,310.39,1935.8,24.61,61.7,HEALTHY,97.1,Low,SEED
2026-06-01 21:40:11,SEED-730,M,299.75,309.11,1424.5,42.17,47.6,HEALTHY,99.9,Low,SEED
2026-06-01 21:50:11,SEED-731,M,298.14,309.03,1417.9,29.8,20.8,HEALTHY,99.9,Low,SEED
2026-06-01 22:00:11,SEED-732,M,301.84,311.22,1555.4,34.52,54.9,HEALTHY,100.0,Low,SEED
2026-06-01 22:10:11,SEED-733,M,299.13,308.56,1537.8,32.37,59.9,HEALTHY,100.0,Low,SEED
2026-06-01 22:20:11,SEED-734,H,299.39,311.22,1226.7,51.59,146.1,HEALTHY,99.9,Medium,SEED
2026-06-01 22:30:11,SEED-735,H,301.65,313.47,1327.6,52.92,143.1,HEALTHY,100.0,Medium,SEED
2026-06-01 22:40:11,SEED-736,L,301.1,310.03,1856.9,29.73,29.1,HEALTHY,100.0,Low,SEED
2026-06-01 22:50:11,SEED-737,L,300.98,309.55,1446.7,39.8,99.5,HEALTHY,97.9,Low,SEED
2026-06-01 23:00:11,SEED-738,H,300.01,311.93,1246.1,47.0,123.5,HEALTHY,100.0,Medium,SEED
2026-06-01 23:10:11,SEED-739,H,300.39,308.89,1966.2,28.58,7.0,HEALTHY,100.0,Low,SEED
2026-06-01 23:20:11,SEED-740,M,301.08,309.67,1606.4,40.71,30.0,HEALTHY,100.0,Low,SEED
2026-06-01 23:30:11,SEED-741,L,298.01,309.36,1988.4,42.96,89.4,HEALTHY,96.0,Low,SEED
2026-06-01 23:40:11,SEED-742,H,297.09,315.1,1199.3,61.26,207.3,FAULTY,90.7,High,SEED
2026-06-01 23:50:11,SEED-743,H,300.38,310.68,1536.3,48.27,129.6,HEALTHY,98.7,Medium,SEED
2026-06-02 00:00:11,SEED-744,M,301.43,311.0,1203.5,48.92,178.3,HEALTHY,99.3,Medium,SEED
2026-06-02 00:10:11,SEED-745,H,301.49,308.73,2022.2,30.3,67.9,HEALTHY,100.0,Low,SEED
2026-06-02 00:20:11,SEED-746,H,299.78,311.03,2161.0,22.37,58.7,HEALTHY,99.6,Low,SEED
2026-06-02 00:30:11,SEED-747,H,300.27,311.32,1671.0,32.45,83.3,HEALTHY,99.9,Low,SEED
2026-06-02 00:40:11,SEED-748,H,297.39,308.65,1254.0,70.54,226.3,FAULTY,99.7,High,SEED
2026-06-02 00:50:11,SEED-749,M,301.88,311.48,1624.8,22.07,66.1,HEALTHY,100.0,Low,SEED
2026-06-02 01:00:11,SEED-750,H,299.97,309.56,1255.5,48.82,163.9,HEALTHY,87.2,Medium,SEED
2026-06-02 01:10:11,SEED-751,H,301.94,308.59,1821.3,41.0,68.9,HEALTHY,100.0,Low,SEED
2026-06-02 01:20:11,SEED-752,L,299.6,312.04,1583.2,56.38,120.9,FAULTY,90.6,Medium,SEED
2026-06-02 01:30:11,SEED-753,L,298.71,308.13,2036.5,32.92,50.1,HEALTHY,100.0,Low,SEED
2026-06-02 01:40:11,SEED-754,L,299.92,311.42,1401.5,46.24,178.1,HEALTHY,99.8,Medium,SEED
2026-06-02 01:50:11,SEED-755,H,300.02,311.92,1780.6,24.58,39.0,HEALTHY,100.0,Low,SEED
2026-06-02 02:00:11,SEED-756,L,296.92,315.31,1238.9,65.56,237.2,FAULTY,99.5,High,SEED
2026-06-02 02:10:11,SEED-757,H,301.39,308.52,1867.1,40.05,38.1,HEALTHY,100.0,Low,SEED
2026-06-02 02:20:11,SEED-758,H,300.87,308.15,1537.3,31.66,84.1,HEALTHY,100.0,Low,SEED
2026-06-02 02:30:11,SEED-759,L,299.71,309.88,1934.0,33.63,87.7,HEALTHY,99.8,Low,SEED
2026-06-02 02:40:11,SEED-760,M,298.82,310.49,1723.0,25.69,18.0,HEALTHY,100.0,Low,SEED
2026-06-02 02:50:11,SEED-761,H,296.26,312.59,1292.0,62.98,209.3,FAULTY,80.9,High,SEED
2026-06-02 03:00:11,SEED-762,L,298.51,308.6,1866.6,31.4,58.1,HEALTHY,100.0,Low,SEED
2026-06-02 03:10:11,SEED-763,M,300.85,310.66,1668.2,40.98,45.6,HEALTHY,100.0,Low,SEED
2026-06-02 03:20:11,SEED-764,L,300.81,312.17,1343.6,47.88,169.8,HEALTHY,100.0,Medium,SEED
2026-06-02 03:30:11,SEED-765,L,300.07,311.0,2003.4,35.57,64.4,HEALTHY,99.9,Low,SEED
2026-06-02 03:40:11,SEED-766,H,299.87,311.1,1447.2,48.01,147.4,HEALTHY,99.2,Medium,SEED
2026-06-02 03:50:11,SEED-767,H,299.28,309.37,1235.3,57.4,190.3,FAULTY,85.9,Medium,SEED
2026-06-02 04:00:11,SEED-768,M,296.68,311.98,1302.9,70.21,251.2,FAULTY,98.5,High,SEED
2026-06-02 04:10:11,SEED-769,H,298.83,308.18,2126.8,44.72,78.2,HEALTHY,80.4,Low,SEED
2026-06-02 04:20:11,SEED-770,M,297.02,314.87,1189.4,72.66,207.5,FAULTY,95.6,High,SEED
2026-06-02 04:30:11,SEED-771,M,301.26,308.76,1937.0,30.39,49.7,HEALTHY,100.0,Low,SEED
2026-06-02 04:40:11,SEED-772,M,299.01,309.14,1492.0,43.88,83.9,HEALTHY,100.0,Low,SEED
2026-06-02 04:50:11,SEED-773,H,302.85,309.73,1266.9,47.01,114.5,FAULTY,99.8,Medium,SEED
2026-06-02 05:00:11,SEED-774,H,299.4,308.93,2186.8,35.79,41.5,HEALTHY,99.5,Low,SEED
2026-06-02 05:10:11,SEED-775,H,298.56,308.49,2020.1,24.02,22.5,HEALTHY,100.0,Low,SEED
2026-06-02 05:20:11,SEED-776,H,298.28,311.75,2112.9,23.92,78.4,HEALTHY,100.0,Low,SEED
2026-06-02 05:30:11,SEED-777,L,301.85,309.09,1709.5,32.03,76.3,HEALTHY,100.0,Low,SEED
2026-06-02 05:40:11,SEED-778,L,299.25,311.53,1804.3,32.26,13.6,HEALTHY,100.0,Low,SEED
2026-06-02 05:50:11,SEED-779,M,302.05,311.32,1424.6,54.6,116.1,HEALTHY,76.7,Medium,SEED
2026-06-02 06:00:11,SEED-780,H,301.24,310.99,1523.8,43.61,57.9,HEALTHY,99.8,Low,SEED
2026-06-02 06:10:11,SEED-781,H,302.19,309.07,1403.3,46.83,117.7,HEALTHY,99.8,Medium,SEED
2026-06-02 06:20:11,SEED-782,H,300.01,309.01,1712.0,26.56,1.5,HEALTHY,100.0,Low,SEED
2026-06-02 06:30:11,SEED-783,H,299.31,310.23,1811.8,23.01,83.9,HEALTHY,98.5,Low,SEED
2026-06-02 06:40:11,SEED-784,M,295.37,308.74,1221.3,69.43,215.0,FAULTY,88.9,High,SEED
2026-06-02 06:50:11,SEED-785,H,300.16,311.13,1509.0,44.39,23.0,HEALTHY,99.6,Low,SEED
2026-06-02 07:00:11,SEED-786,L,297.52,313.59,1184.8,70.58,206.3,FAULTY,99.2,High,SEED
2026-06-02 07:10:11,SEED-787,L,298.6,310.98,2007.4,29.79,69.8,HEALTHY,99.9,Low,SEED
2026-06-02 07:20:11,SEED-788,H,295.57,314.54,1314.7,61.28,205.1,FAULTY,79.6,High,SEED
2026-06-02 07:30:11,SEED-789,H,299.74,310.06,2197.1,20.81,29.5,HEALTHY,99.8,Low,SEED
2026-06-02 07:40:11,SEED-790,H,297.59,310.48,1217.6,67.53,241.4,FAULTY,97.5,High,SEED
2026-06-02 07:50:11,SEED-791,H,300.42,311.66,1428.1,52.29,185.3,HEALTHY,95.9,Medium,SEED
2026-06-02 08:00:11,SEED-792,H,299.16,310.21,2029.6,22.42,29.0,HEALTHY,99.8,Low,SEED
2026-06-02 08:10:11,SEED-793,L,301.57,313.05,1517.6,56.53,106.3,HEALTHY,84.5,Medium,SEED
2026-06-02 08:20:11,SEED-794,L,302.04,310.95,1394.7,55.54,189.3,FAULTY,91.4,Medium,SEED
2026-06-02 08:30:11,SEED-795,H,299.37,311.33,1920.0,32.78,17.4,HEALTHY,100.0,Low,SEED
2026-06-02 08:40:11,SEED-796,M,297.95,312.34,1330.1,65.98,235.9,FAULTY,98.8,High,SEED
2026-06-02 08:50:11,SEED-797,H,299.97,309.17,1726.2,30.13,10.3,HEALTHY,100.0,Low,SEED
2026-06-02 09:00:11,SEED-798,L,298.8,311.29,1473.1,35.29,1.8,HEALTHY,100.0,Low,SEED
2026-06-02 09:10:11,SEED-799,H,300.76,313.74,1363.6,55.33,182.5,HEALTHY,98.5,Medium,SEED
2026-06-02 09:20:11,SEED-800,H,301.3,309.58,2195.1,39.31,62.1,HEALTHY,86.0,Low,SEED
2026-06-02 09:30:11,SEED-801,H,299.49,310.59,1697.1,34.88,71.5,HEALTHY,99.8,Low,SEED
2026-06-02 09:40:11,SEED-802,M,302.53,309.61,1280.6,53.64,183.7,FAULTY,99.5,Medium,SEED
2026-06-02 09:50:11,SEED-803,M,295.09,314.56,1284.8,73.27,233.5,FAULTY,98.0,High,SEED
2026-06-02 10:00:11,SEED-804,H,299.94,309.61,2094.9,37.2,95.4,HEALTHY,98.7,Low,SEED
2026-06-02 10:10:11,SEED-805,M,296.43,315.54,1357.4,68.39,220.1,FAULTY,98.5,High,SEED
2026-06-02 10:20:11,SEED-806,L,301.39,309.78,1947.6,28.72,24.0,HEALTHY,100.0,Low,SEED
2026-06-02 10:30:11,SEED-807,H,299.65,309.5,1594.4,47.3,162.5,HEALTHY,92.6,Medium,SEED
2026-06-02 10:40:11,SEED-808,L,298.41,309.53,2135.8,20.97,48.8,HEALTHY,99.1,Low,SEED
2026-06-02 10:50:11,SEED-809,H,299.88,310.78,1580.5,52.73,187.5,HEALTHY,53.1,Medium,SEED
2026-06-02 11:00:11,SEED-810,L,301.38,308.37,2022.4,21.37,42.3,HEALTHY,100.0,Low,SEED
2026-06-02 11:10:11,SEED-811,M,299.34,308.76,1885.5,31.33,92.5,HEALTHY,100.0,Low,SEED
2026-06-02 11:20:11,SEED-812,M,296.25,308.81,1324.6,68.82,250.4,FAULTY,99.1,High,SEED
2026-06-02 11:30:11,SEED-813,L,300.33,311.9,1647.0,27.59,64.3,HEALTHY,100.0,Low,SEED
2026-06-02 11:40:11,SEED-814,M,301.8,311.46,2071.6,44.95,74.2,HEALTHY,78.4,Low,SEED
2026-06-02 11:50:11,SEED-815,H,299.04,310.25,1772.1,30.77,49.2,HEALTHY,99.6,Low,SEED
2026-06-02 12:00:11,SEED-816,M,298.12,309.26,1911.4,21.33,30.1,HEALTHY,99.9,Low,SEED
2026-06-02 12:10:11,SEED-817,M,301.4,310.56,1981.6,25.71,53.7,HEALTHY,99.9,Low,SEED
2026-06-02 12:20:11,SEED-818,L,299.14,312.82,1343.0,49.08,140.0,HEALTHY,100.0,Medium,SEED
2026-06-02 12:30:11,SEED-819,L,300.27,308.99,1926.9,24.94,82.6,HEALTHY,100.0,Low,SEED
2026-06-02 12:40:11,SEED-820,M,297.59,309.09,1319.1,74.91,218.0,FAULTY,99.4,High,SEED
2026-06-02 12:50:11,SEED-821,H,296.38,311.1,1255.0,66.24,245.6,FAULTY,86.8,High,SEED
2026-06-02 13:00:11,SEED-822,L,299.06,313.02,1522.8,50.16,193.6,HEALTHY,99.8,Medium,SEED
2026-06-02 13:10:11,SEED-823,M,299.09,310.79,1484.3,40.63,62.4,HEALTHY,100.0,Low,SEED
2026-06-02 13:20:11,SEED-824,L,297.7,312.49,1191.7,67.47,222.7,FAULTY,99.8,High,SEED
2026-06-02 13:30:11,SEED-825,H,302.15,310.61,1519.2,46.79,190.1,HEALTHY,94.8,Medium,SEED
2026-06-02 13:40:11,SEED-826,L,295.04,312.94,1279.7,62.24,228.8,FAULTY,99.7,High,SEED
2026-06-02 13:50:11,SEED-827,L,296.05,315.36,1390.1,69.78,209.4,FAULTY,99.4,High,SEED
2026-06-02 14:00:11,SEED-828,L,302.7,310.1,1241.0,54.21,109.7,FAULTY,99.7,Medium,SEED
2026-06-02 14:10:11,SEED-829,H,297.22,308.12,1291.2,68.51,220.1,FAULTY,99.7,High,SEED
2026-06-02 14:20:11,SEED-830,M,296.08,309.82,1238.6,63.81,243.1,FAULTY,87.4,High,SEED
2026-06-02 14:30:11,SEED-831,H,301.48,312.73,1383.6,46.62,198.8,HEALTHY,99.2,Medium,SEED
2026-06-02 14:40:11,SEED-832,H,301.56,309.45,2078.4,25.54,7.7,HEALTHY,100.0,Low,SEED
2026-06-02 14:50:11,SEED-833,L,300.39,308.06,2010.4,29.02,92.3,HEALTHY,100.0,Low,SEED
2026-06-02 15:00:11,SEED-834,M,299.13,309.76,1910.4,37.18,11.4,HEALTHY,100.0,Low,SEED
2026-06-02 15:10:11,SEED-835,M,300.93,309.3,1443.3,48.42,182.7,HEALTHY,92.4,Medium,SEED
2026-06-02 15:20:11,SEED-836,H,298.63,309.08,1815.9,37.63,37.7,HEALTHY,99.8,Low,SEED
2026-06-02 15:30:11,SEED-837,L,299.27,311.31,2130.8,40.8,16.7,HEALTHY,90.5,Low,SEED
2026-06-02 15:40:11,SEED-838,H,299.49,313.97,1482.6,56.47,184.7,HEALTHY,82.6,Medium,SEED
2026-06-02 15:50:11,SEED-839,L,298.23,308.77,1703.0,25.82,90.2,HEALTHY,99.9,Low,SEED
2026-06-02 16:00:11,SEED-840,M,300.35,308.66,2149.9,40.59,50.6,HEALTHY,97.0,Low,SEED
2026-06-02 16:10:11,SEED-841,H,298.57,311.81,1518.1,41.11,11.4,HEALTHY,100.0,Low,SEED
2026-06-02 16:20:11,SEED-842,M,300.36,313.44,1291.9,52.92,119.5,HEALTHY,100.0,Medium,SEED
2026-06-02 16:30:11,SEED-843,M,301.66,311.3,2030.2,33.47,79.3,HEALTHY,100.0,Low,SEED
2026-06-02 16:40:11,SEED-844,H,299.68,310.63,1593.2,40.59,46.3,HEALTHY,99.6,Low,SEED
2026-06-02 16:50:11,SEED-845,L,300.95,310.71,1508.2,57.75,177.9,FAULTY,99.5,Medium,SEED
2026-06-02 17:00:11,SEED-846,H,301.23,311.6,1417.3,24.71,80.0,HEALTHY,99.8,Low,SEED
2026-06-02 17:10:11,SEED-847,H,300.41,312.1,1432.6,46.49,160.8,HEALTHY,99.9,Medium,SEED
2026-06-02 17:20:11,SEED-848,M,299.8,310.74,1480.2,41.12,30.6,HEALTHY,99.7,Low,SEED
2026-06-02 17:30:11,SEED-849,M,296.36,311.29,1394.9,70.34,200.1,FAULTY,89.7,High,SEED
2026-06-02 17:40:11,SEED-850,M,301.29,308.33,1795.8,31.03,75.4,HEALTHY,100.0,Low,SEED
2026-06-02 17:50:11,SEED-851,M,301.42,311.39,1951.5,25.98,7.5,HEALTHY,100.0,Low,SEED
2026-06-02 18:00:11,SEED-852,H,300.93,310.03,2115.0,25.98,73.1,HEALTHY,99.8,Low,SEED
2026-06-02 18:10:11,SEED-853,M,301.79,310.63,1496.4,35.37,18.1,HEALTHY,99.9,Low,SEED
2026-06-02 18:20:11,SEED-854,L,299.79,310.28,1419.7,56.97,134.5,FAULTY,93.8,Medium,SEED
2026-06-02 18:30:11,SEED-855,H,299.43,309.89,1857.8,44.9,38.4,HEALTHY,86.9,Low,SEED
2026-06-02 18:40:11,SEED-856,H,301.07,309.4,1607.7,28.03,13.5,HEALTHY,100.0,Low,SEED
2026-06-02 18:50:11,SEED-857,M,300.88,309.86,1581.4,49.06,191.7,HEALTHY,97.0,Medium,SEED
2026-06-02 19:00:11,SEED-858,L,302.56,311.16,1314.2,51.52,169.5,FAULTY,94.6,Medium,SEED
2026-06-02 19:10:11,SEED-859,M,301.1,311.51,2100.5,29.03,25.8,HEALTHY,100.0,Low,SEED
2026-06-02 19:20:11,SEED-860,H,299.45,312.15,1590.8,50.31,155.9,HEALTHY,99.1,Medium,SEED
2026-06-02 19:30:11,SEED-861,H,299.01,308.05,1934.6,38.84,62.0,HEALTHY,100.0,Low,SEED
2026-06-02 19:40:11,SEED-862,M,298.06,308.59,1972.5,37.07,47.7,HEALTHY,100.0,Low,SEED
2026-06-02 19:50:11,SEED-863,H,299.28,310.19,1754.8,21.44,31.2,HEALTHY,99.8,Low,SEED
2026-06-02 20:00:11,SEED-864,M,301.99,310.56,1589.1,33.8,50.6,HEALTHY,99.9,Low,SEED
2026-06-02 20:10:11,SEED-865,H,300.73,310.23,1901.1,22.16,80.6,HEALTHY,99.9,Low,SEED
2026-06-02 20:20:11,SEED-866,M,301.25,309.62,2008.8,26.85,68.8,HEALTHY,100.0,Low,SEED
2026-06-02 20:30:11,SEED-867,L,295.52,314.65,1346.4,68.96,240.5,FAULTY,99.8,High,SEED
2026-06-02 20:40:11,SEED-868,H,299.78,310.98,2135.2,29.47,8.6,HEALTHY,99.9,Low,SEED
2026-06-02 20:50:11,SEED-869,M,299.66,309.83,1776.2,36.96,41.3,HEALTHY,100.0,Low,SEED
2026-06-02 21:00:11,SEED-870,M,298.7,308.66,1429.5,31.02,38.8,HEALTHY,99.8,Low,SEED
2026-06-02 21:10:11,SEED-871,H,298.0,310.02,1643.0,26.45,49.6,HEALTHY,99.9,Low,SEED
2026-06-02 21:20:11,SEED-872,M,300.46,309.95,1485.4,56.86,134.9,HEALTHY,72.0,Medium,SEED
2026-06-02 21:30:11,SEED-873,M,302.93,309.17,1212.9,53.69,199.5,FAULTY,98.7,Medium,SEED
2026-06-02 21:40:11,SEED-874,L,300.89,311.97,1709.6,29.68,25.2,HEALTHY,100.0,Low,SEED
2026-06-02 21:50:11,SEED-875,H,298.6,308.79,2191.0,26.56,51.8,HEALTHY,99.9,Low,SEED
2026-06-02 22:00:11,SEED-876,L,299.9,312.99,1574.4,48.98,128.9,HEALTHY,100.0,Medium,SEED
2026-06-02 22:10:11,SEED-877,M,298.82,309.93,2087.7,39.96,22.9,HEALTHY,99.8,Low,SEED
2026-06-02 22:20:11,SEED-878,H,301.49,310.82,1565.9,23.96,43.6,HEALTHY,99.9,Low,SEED
2026-06-02 22:30:11,SEED-879,L,296.22,309.98,1188.2,65.2,210.2,FAULTY,99.6,High,SEED
2026-06-02 22:40:11,SEED-880,M,300.46,308.12,1790.2,28.7,4.0,HEALTHY,100.0,Low,SEED
2026-06-02 22:50:11,SEED-881,M,299.72,311.23,1464.7,23.26,37.5,HEALTHY,100.0,Low,SEED
2026-06-02 23:00:11,SEED-882,L,299.87,311.29,1266.1,57.09,148.3,HEALTHY,99.6,Medium,SEED
2026-06-02 23:10:11,SEED-883,H,301.69,309.04,1710.2,38.98,52.8,HEALTHY,100.0,Low,SEED
2026-06-02 23:20:11,SEED-884,L,300.9,311.93,1941.1,35.16,40.1,HEALTHY,100.0,Low,SEED
2026-06-02 23:30:11,SEED-885,H,300.8,310.36,1987.6,31.29,57.1,HEALTHY,99.2,Low,SEED
2026-06-02 23:40:11,SEED-886,M,301.02,308.06,1782.4,20.99,61.0,HEALTHY,100.0,Low,SEED
2026-06-02 23:50:11,SEED-887,L,297.89,310.54,1229.8,72.28,218.8,FAULTY,99.9,High,SEED
2026-06-03 00:00:11,SEED-888,L,301.6,313.23,1211.1,46.38,110.3,HEALTHY,100.0,Medium,SEED
2026-06-03 00:10:11,SEED-889,H,300.05,310.42,1633.0,40.75,20.5,HEALTHY,99.9,Low,SEED
2026-06-03 00:20:11,SEED-890,M,300.9,310.73,1488.3,27.22,24.5,HEALTHY,100.0,Low,SEED
2026-06-03 00:30:11,SEED-891,H,298.87,308.25,1555.4,44.99,53.1,HEALTHY,100.0,Low,SEED
2026-06-03 00:40:11,SEED-892,L,295.27,313.19,1221.2,70.67,204.4,FAULTY,99.4,High,SEED
2026-06-03 00:50:11,SEED-893,L,300.91,311.26,1380.8,50.89,109.0,HEALTHY,76.9,Medium,SEED
2026-06-03 01:00:11,SEED-894,M,301.02,308.47,2103.4,31.58,50.6,HEALTHY,100.0,Low,SEED
2026-06-03 01:10:11,SEED-895,L,300.56,311.31,1970.2,23.73,50.3,HEALTHY,99.9,Low,SEED
2026-06-03 01:20:11,SEED-896,M,295.22,313.56,1278.2,66.54,240.3,FAULTY,88.7,High,SEED
2026-06-03 01:30:11,SEED-897,L,296.19,312.04,1258.1,62.35,231.6,FAULTY,99.7,High,SEED
2026-06-03 01:40:11,SEED-898,M,300.6,310.21,1542.1,21.84,58.0,HEALTHY,100.0,Low,SEED
2026-06-03 01:50:11,SEED-899,L,301.37,311.85,1263.6,50.65,187.6,HEALTHY,85.2,Medium,SEED
2026-06-03 02:00:11,SEED-900,M,299.89,311.05,1824.4,33.89,16.8,HEALTHY,100.0,Low,SEED
2026-06-03 02:10:11,SEED-901,H,301.72,310.36,2003.1,24.8,4.4,HEALTHY,99.9,Low,SEED
2026-06-03 02:20:11,SEED-902,L,300.19,310.69,1746.2,31.11,68.4,HEALTHY,99.9,Low,SEED
2026-06-03 02:30:11,SEED-903,L,302.11,309.15,1478.2,53.25,136.4,HEALTHY,99.2,Medium,SEED
2026-06-03 02:40:11,SEED-904,M,300.93,310.26,1729.2,24.36,93.9,HEALTHY,99.9,Low,SEED
2026-06-03 02:50:11,SEED-905,H,301.27,309.23,2161.0,44.24,79.7,HEALTHY,82.5,Low,SEED
2026-06-03 03:00:11,SEED-906,H,299.75,309.77,2091.6,34.62,35.8,HEALTHY,99.5,Low,SEED
2026-06-03 03:10:11,SEED-907,M,301.22,311.34,1258.2,47.31,199.4,HEALTHY,95.7,Medium,SEED
2026-06-03 03:20:11,SEED-908,M,300.38,308.53,1600.9,38.82,11.4,HEALTHY,100.0,Low,SEED
2026-06-03 03:30:11,SEED-909,H,300.03,308.69,1774.3,29.23,93.5,HEALTHY,100.0,Low,SEED
2026-06-03 03:40:11,SEED-910,H,300.22,310.59,1478.0,52.9,132.8,HEALTHY,76.5,Medium,SEED
2026-06-03 03:50:11,SEED-911,H,301.36,309.38,1639.0,32.85,49.1,HEALTHY,99.9,Low,SEED
2026-06-03 04:00:11,SEED-912,M,300.6,309.7,2020.1,26.53,47.8,HEALTHY,100.0,Low,SEED
2026-06-03 04:10:11,SEED-913,L,296.99,309.24,1338.8,63.43,238.4,FAULTY,99.7,High,SEED
2026-06-03 04:20:11,SEED-914,M,298.37,308.67,2073.7,37.47,72.4,HEALTHY,99.9,Low,SEED
2026-06-03 04:30:11,SEED-915,L,297.69,309.15,1234.6,60.55,210.7,FAULTY,99.6,High,SEED
2026-06-03 04:40:11,SEED-916,H,297.49,309.82,1186.3,75.7,230.8,FAULTY,99.2,High,SEED
2026-06-03 04:50:11,SEED-917,H,298.77,310.39,1737.7,38.2,96.8,HEALTHY,99.7,Low,SEED
2026-06-03 05:00:11,SEED-918,M,298.57,309.17,1415.1,28.94,93.0,HEALTHY,99.9,Low,SEED
2026-06-03 05:10:11,SEED-919,M,301.9,313.78,1517.2,50.52,161.3,HEALTHY,99.9,Medium,SEED
2026-06-03 05:20:11,SEED-920,H,300.14,308.76,1589.5,35.16,3.6,HEALTHY,100.0,Low,SEED
2026-06-03 05:30:11,SEED-921,H,298.76,310.65,2184.2,43.89,11.7,HEALTHY,59.1,Medium,SEED
2026-06-03 05:40:11,SEED-922,M,295.21,310.47,1343.3,67.54,228.5,FAULTY,97.3,High,SEED
2026-06-03 05:50:11,SEED-923,L,301.24,309.23,1973.4,26.85,24.8,HEALTHY,100.0,Low,SEED
2026-06-03 06:00:11,SEED-924,M,299.08,309.72,1716.2,33.83,98.2,HEALTHY,99.9,Low,SEED
2026-06-03 06:10:11,SEED-925,H,300.77,312.11,1242.1,50.83,152.2,HEALTHY,100.0,Medium,SEED
2026-06-03 06:20:11,SEED-926,M,296.0,310.51,1393.1,60.16,233.0,FAULTY,78.1,High,SEED
2026-06-03 06:30:11,SEED-927,H,301.82,312.15,1332.8,48.1,147.8,HEALTHY,99.6,Medium,SEED
2026-06-03 06:40:11,SEED-928,L,298.09,308.58,1580.5,33.0,64.8,HEALTHY,99.9,Low,SEED
2026-06-03 06:50:11,SEED-929,M,301.66,311.63,1792.9,41.56,17.5,HEALTHY,100.0,Low,SEED
2026-06-03 07:00:11,SEED-930,H,298.61,311.2,1574.1,44.93,1.0,HEALTHY,100.0,Low,SEED
2026-06-03 07:10:11,SEED-931,M,301.58,312.62,1406.1,50.63,179.6,HEALTHY,99.6,Medium,SEED
2026-06-03 07:20:11,SEED-932,L,299.55,312.38,1570.3,57.86,108.7,FAULTY,87.3,Medium,SEED
2026-06-03 07:30:11,SEED-933,L,298.07,308.66,2079.4,35.21,71.9,HEALTHY,99.9,Low,SEED
2026-06-03 07:40:11,SEED-934,M,301.35,308.81,1685.5,36.18,51.0,HEALTHY,100.0,Low,SEED
2026-06-03 07:50:11,SEED-935,L,299.4,311.06,1402.6,50.25,153.4,HEALTHY,99.6,Medium,SEED
2026-06-03 08:00:11,SEED-936,H,299.27,309.94,1853.5,33.34,2.5,HEALTHY,99.9,Low,SEED
2026-06-03 08:10:11,SEED-937,H,295.5,315.34,1288.1,71.81,241.2,FAULTY,97.5,High,SEED
2026-06-03 08:20:11,SEED-938,M,297.52,315.63,1365.5,68.43,230.8,FAULTY,98.9,High,SEED
2026-06-03 08:30:11,SEED-939,L,300.98,312.21,1284.3,47.63,186.0,HEALTHY,99.9,Medium,SEED
2026-06-03 08:40:11,SEED-940,L,301.94,308.85,1781.7,43.97,59.3,HEALTHY,100.0,Low,SEED
2026-06-03 08:50:11,SEED-941,L,301.72,309.46,1653.2,27.69,1.4,HEALTHY,100.0,Low,SEED
2026-06-03 09:00:11,SEED-942,H,299.72,309.82,1922.0,33.02,52.7,HEALTHY,99.8,Low,SEED
2026-06-03 09:10:11,SEED-943,H,299.09,308.69,1672.4,36.6,55.2,HEALTHY,100.0,Low,SEED
2026-06-03 09:20:11,SEED-944,H,299.6,313.81,1283.0,46.15,171.9,HEALTHY,100.0,Medium,SEED
2026-06-03 09:30:11,SEED-945,M,301.17,311.55,1556.8,53.42,146.5,HEALTHY,89.0,Medium,SEED
2026-06-03 09:40:11,SEED-946,L,298.81,309.11,1471.1,23.22,64.4,HEALTHY,99.9,Low,SEED
2026-06-03 09:50:11,SEED-947,H,296.33,313.34,1333.3,61.95,220.7,FAULTY,93.0,High,SEED
2026-06-03 10:00:11,SEED-948,H,296.16,309.83,1206.5,62.58,223.0,FAULTY,97.8,High,SEED
2026-06-03 10:10:11,SEED-949,L,300.32,311.74,1688.2,31.37,10.8,HEALTHY,100.0,Low,SEED
2026-06-03 10:20:11,SEED-950,M,299.73,311.94,1457.3,42.99,73.6,HEALTHY,100.0,Low,SEED
2026-06-03 10:30:11,SEED-951,M,301.59,311.97,2193.7,37.28,38.8,HEALTHY,99.9,Low,SEED
2026-06-03 10:40:11,SEED-952,M,300.49,311.91,1727.0,24.91,87.5,HEALTHY,100.0,Low,SEED
2026-06-03 10:50:11,SEED-953,M,301.66,313.27,1534.3,46.93,133.9,HEALTHY,100.0,Medium,SEED
2026-06-03 11:00:11,SEED-954,L,301.84,309.38,2045.1,22.17,63.5,HEALTHY,100.0,Low,SEED
2026-06-03 11:10:11,SEED-955,H,298.79,311.48,1652.4,28.04,42.3,HEALTHY,100.0,Low,SEED
2026-06-03 11:20:11,SEED-956,L,297.64,312.19,1199.3,64.55,241.7,FAULTY,99.9,High,SEED
2026-06-03 11:30:11,SEED-957,L,295.26,314.02,1390.3,67.71,245.5,FAULTY,99.8,High,SEED
2026-06-03 11:40:11,SEED-958,L,301.16,310.76,1560.6,28.66,9.5,HEALTHY,100.0,Low,SEED
2026-06-03 11:50:11,SEED-959,H,301.34,311.47,1839.0,29.43,52.8,HEALTHY,99.9,Low,SEED
2026-06-03 12:00:11,SEED-960,H,298.45,310.75,1717.0,24.76,88.2,HEALTHY,99.8,Low,SEED
2026-06-03 12:10:11,SEED-961,M,299.27,310.27,1882.6,37.97,12.7,HEALTHY,100.0,Low,SEED
2026-06-03 12:20:11,SEED-962,L,302.32,311.27,1470.1,47.18,195.2,HEALTHY,83.6,Medium,SEED
2026-06-03 12:30:11,SEED-963,M,297.42,315.8,1337.7,68.44,224.8,FAULTY,99.3,High,SEED
2026-06-03 12:40:11,SEED-964,L,301.87,308.48,2036.7,21.41,11.8,HEALTHY,100.0,Low,SEED
2026-06-03 12:50:11,SEED-965,L,299.59,311.31,1961.6,34.54,71.4,HEALTHY,100.0,Low,SEED
2026-06-03 13:00:11,SEED-966,H,298.98,308.41,1748.0,43.28,13.8,HEALTHY,100.0,Low,SEED
2026-06-03 13:10:11,SEED-967,H,298.75,311.05,2008.8,35.32,95.0,HEALTHY,99.8,Low,SEED
2026-06-03 13:20:11,SEED-968,H,298.15,311.11,1510.7,32.28,26.9,HEALTHY,100.0,Low,SEED
2026-06-03 13:30:11,SEED-969,L,300.27,310.19,1785.9,44.41,24.3,HEALTHY,98.9,Low,SEED
2026-06-03 13:40:11,SEED-970,H,301.96,309.3,1226.0,50.55,136.1,FAULTY,99.1,Medium,SEED
2026-06-03 13:50:11,SEED-971,H,298.86,308.12,1706.8,40.22,18.5,HEALTHY,100.0,Low,SEED
2026-06-03 14:00:11,SEED-972,M,302.24,313.96,1412.8,47.48,139.7,HEALTHY,100.0,Medium,SEED
2026-06-03 14:10:11,SEED-973,M,298.98,311.46,1814.4,30.33,10.1,HEALTHY,100.0,Low,SEED
2026-06-03 14:20:11,SEED-974,M,298.63,308.51,1887.2,24.63,12.9,HEALTHY,100.0,Low,SEED
2026-06-03 14:30:11,SEED-975,H,300.31,310.97,2094.4,33.19,4.6,HEALTHY,99.9,Low,SEED
2026-06-03 14:40:11,SEED-976,H,299.31,312.77,1260.6,52.12,101.7,HEALTHY,100.0,Medium,SEED
2026-06-03 14:50:11,SEED-977,H,301.24,309.13,1472.0,48.25,183.8,HEALTHY,99.4,Medium,SEED
2026-06-03 15:00:11,SEED-978,H,298.66,309.63,1716.2,23.52,17.2,HEALTHY,99.7,Low,SEED
2026-06-03 15:10:11,SEED-979,M,295.03,309.24,1239.9,67.52,218.5,FAULTY,94.9,High,SEED
2026-06-03 15:20:11,SEED-980,L,297.89,312.82,1342.6,66.31,219.9,FAULTY,99.9,High,SEED
2026-06-03 15:30:11,SEED-981,H,298.92,310.31,2018.3,44.54,40.4,HEALTHY,82.3,Low,SEED
2026-06-03 15:40:11,SEED-982,L,299.58,308.98,2053.5,33.35,10.6,HEALTHY,100.0,Low,SEED
2026-06-03 15:50:11,SEED-983,M,300.29,309.61,1581.4,46.72,159.1,HEALTHY,99.3,Medium,SEED
2026-06-03 16:00:11,SEED-984,L,298.58,310.19,1719.1,36.4,57.8,HEALTHY,99.9,Low,SEED
2026-06-03 16:10:11,SEED-985,M,299.67,311.02,1662.1,34.97,37.7,HEALTHY,100.0,Low,SEED
2026-06-03 16:20:11,SEED-986,L,299.69,311.01,1889.6,20.77,41.2,HEALTHY,100.0,Low,SEED
2026-06-03 16:30:11,SEED-987,H,296.01,311.35,1210.7,60.58,225.6,FAULTY,95.6,High,SEED
2026-06-03 16:40:11,SEED-988,M,299.0,310.52,1730.9,40.36,16.6,HEALTHY,100.0,Low,SEED
2026-06-03 16:50:11,SEED-989,H,299.85,310.15,2100.6,32.97,52.1,HEALTHY,99.4,Low,SEED
2026-06-03 17:00:11,SEED-990,H,298.78,311.85,1633.1,37.55,31.0,HEALTHY,100.0,Low,SEED
2026-06-03 17:10:11,SEED-991,H,300.31,313.99,1237.3,50.8,185.8,HEALTHY,100.0,Medium,SEED
2026-06-03 17:20:11,SEED-992,H,299.76,309.03,1743.7,39.5,28.8,HEALTHY,99.9,Low,SEED
2026-06-03 17:30:11,SEED-993,M,295.33,310.63,1300.0,61.42,233.6,FAULTY,90.2,High,SEED
2026-06-03 17:40:11,SEED-994,L,301.93,310.2,2196.1,31.49,29.9,HEALTHY,99.9,Low,SEED
2026-06-03 17:50:11,SEED-995,M,299.9,309.09,1625.3,22.09,71.1,HEALTHY,100.0,Low,SEED
2026-06-03 18:00:11,SEED-996,H,302.14,312.08,1594.9,53.88,167.7,HEALTHY,61.3,Medium,SEED
2026-06-03 18:10:11,SEED-997,M,301.35,311.06,2077.0,39.49,55.6,HEALTHY,99.8,Low,SEED
2026-06-03 18:20:11,SEED-998,H,300.29,308.68,2069.0,30.88,55.9,HEALTHY,100.0,Low,SEED
2026-06-03 18:30:11,SEED-999,M,301.72,311.88,1488.2,30.9,25.8,HEALTHY,100.0,Low,SEED
2026-06-03 20:07:27,AUTO-MTR,H,297.02,310.74,1397.0,62.82,235.5,FAULTY,99.7,High,AUTO
2026-06-03 20:09:28,AUTO-MTR,H,296.76,310.11,1179.5,53.36,163.7,HEALTHY,99.9,Low,AUTO
2026-06-03 20:11:29,AUTO-MTR,L,298.73,305.97,2759.0,28.98,75.7,HEALTHY,100.0,Low,AUTO
2026-06-03 20:13:30,AUTO-MTR,L,296.4,309.55,2167.7,56.19,223.3,FAULTY,99.7,High,AUTO
2026-06-03 20:15:31,AUTO-MTR,H,298.78,311.09,1239.4,76.29,242.4,FAULTY,99.3,High,AUTO
2026-06-03 20:17:32,AUTO-MTR,M,303.34,310.16,1402.9,72.43,223.2,FAULTY,99.7,High,AUTO
2026-06-03 20:19:33,AUTO-MTR,H,295.04,311.29,1867.0,33.14,46.2,HEALTHY,100.0,Low,AUTO
2026-06-03 20:21:54,AUTO-MTR,H,298.58,310.39,1303.6,14.81,22.0,HEALTHY,99.9,Low,AUTO
2026-06-03 20:23:55,AUTO-MTR,L,300.57,305.42,2509.7,21.51,11.0,HEALTHY,100.0,Low,AUTO
2026-06-03 20:25:56,AUTO-MTR,H,298.77,307.7,1336.2,69.61,131.7,FAULTY,96.0,High,AUTO
2026-06-03 20:27:56,AUTO-MTR,M,298.83,306.84,1957.9,47.04,65.5,HEALTHY,95.2,Low,AUTO
2026-06-03 20:29:57,AUTO-MTR,M,299.52,307.6,1281.4,73.35,221.4,FAULTY,100.0,High,AUTO
2026-06-03 20:31:59,AUTO-MTR,L,300.2,313.3,1235.8,73.43,234.7,FAULTY,99.9,High,AUTO
2026-06-03 20:34:00,AUTO-MTR,L,298.42,309.27,2542.5,48.61,201.8,FAULTY,71.4,High,AUTO
2026-06-03 20:36:02,AUTO-MTR,L,303.01,309.46,1526.3,29.21,169.8,HEALTHY,99.6,Low,AUTO
2026-06-03 20:38:03,AUTO-MTR,L,296.9,308.77,2814.3,39.15,79.1,HEALTHY,85.7,Low,AUTO
2026-06-03 20:50:54,AUTO-MTR,H,300.91,306.48,1577.6,4.91,149.0,HEALTHY,100.0,Low,AUTO
2026-06-03 20:52:55,AUTO-MTR,M,299.82,305.48,2692.4,22.49,27.0,HEALTHY,100.0,Low,AUTO
2026-06-03 20:54:56,AUTO-MTR,L,302.26,310.12,2556.9,58.43,117.4,FAULTY,81.4,High,AUTO
2026-06-03 20:56:56,AUTO-MTR,H,303.74,308.88,2833.4,49.05,50.4,HEALTHY,94.9,Low,AUTO
2026-06-03 20:58:57,AUTO-MTR,L,296.99,307.88,1704.7,14.32,126.0,HEALTHY,99.9,Low,AUTO
2026-06-03 21:00:58,AUTO-MTR,M,299.96,306.39,2549.2,14.8,124.3,HEALTHY,100.0,Low,AUTO
2026-06-03 21:02:59,AUTO-MTR,L,297.19,306.57,1378.4,55.07,205.1,FAULTY,99.7,High,AUTO
2026-06-03 21:05:00,AUTO-MTR,H,303.28,312.2,2840.3,61.53,251.7,FAULTY,98.6,High,AUTO
2026-06-03 21:07:01,AUTO-MTR,H,301.89,307.43,2522.3,14.93,17.0,HEALTHY,100.0,Low,AUTO
2026-06-03 21:09:02,AUTO-MTR,H,299.85,309.6,2171.6,42.3,107.0,HEALTHY,65.4,Medium,AUTO
2026-06-03 21:11:03,AUTO-MTR,H,295.16,306.33,2744.8,38.76,239.6,FAULTY,58.2,Medium,AUTO
2026-06-03 21:13:03,AUTO-MTR,M,296.22,312.54,1446.7,75.57,118.6,HEALTHY,65.0,Medium,AUTO
2026-06-03 21:15:04,AUTO-MTR,L,297.93,311.34,1368.7,45.61,153.2,HEALTHY,99.8,Low,AUTO
2026-06-03 21:17:05,AUTO-MTR,L,303.53,311.89,1610.4,40.57,167.4,HEALTHY,100.0,Low,AUTO
2026-06-03 21:19:05,AUTO-MTR,M,295.86,308.81,1458.8,69.72,192.1,FAULTY,92.1,High,AUTO
2026-06-03 21:21:06,AUTO-MTR,L,295.2,309.8,1386.4,74.69,175.4,FAULTY,98.5,High,AUTO
2026-06-03 21:23:07,AUTO-MTR,H,297.54,311.86,1850.3,59.88,251.1,FAULTY,97.0,High,AUTO
2026-06-03 21:25:08,AUTO-MTR,M,300.92,306.27,1573.4,53.81,204.3,HEALTHY,99.0,Low,AUTO
2026-06-03 21:46:26,AUTO-MTR,M,300.65,312.58,2584.8,75.02,40.9,FAULTY,83.1,High,AUTO
2026-06-03 21:48:27,AUTO-MTR,H,303.6,310.53,1312.9,55.58,190.7,FAULTY,99.8,High,AUTO
2026-06-03 21:50:27,AUTO-MTR,H,297.0,305.72,2727.0,71.42,174.4,FAULTY,88.5,High,AUTO
2026-06-03 21:52:28,AUTO-MTR,M,296.46,307.44,1920.9,63.99,116.6,FAULTY,92.4,High,AUTO
2026-06-03 21:54:29,AUTO-MTR,L,303.39,306.74,1514.9,56.44,65.6,HEALTHY,98.4,Low,AUTO
2026-06-03 21:56:29,AUTO-MTR,L,296.58,306.37,1169.8,56.49,231.1,FAULTY,99.8,High,AUTO
2026-06-03 21:58:30,AUTO-MTR,L,302.81,306.19,1820.2,61.14,217.7,FAULTY,99.8,High,AUTO
2026-06-03 22:00:31,AUTO-MTR,L,296.93,312.68,2748.8,58.99,2.9,FAULTY,59.3,Medium,AUTO
2026-06-03 22:02:31,AUTO-MTR,M,299.38,311.91,1584.1,51.64,149.9,HEALTHY,99.6,Low,AUTO
2026-06-03 22:04:32,AUTO-MTR,M,303.97,312.19,2405.8,21.72,152.6,HEALTHY,100.0,Low,AUTO
2026-06-03 22:06:33,AUTO-MTR,H,299.85,306.43,1701.1,33.31,152.6,HEALTHY,100.0,Low,AUTO
2026-06-03 22:15:16,AUTO-MTR,M,303.59,306.71,2042.6,55.54,90.2,HEALTHY,93.8,Low,AUTO
2026-06-03 22:17:17,AUTO-MTR,L,300.69,312.69,2764.3,70.43,36.7,FAULTY,89.6,High,AUTO
2026-06-03 22:19:17,AUTO-MTR,H,300.93,305.95,1439.4,23.37,41.1,HEALTHY,100.0,Low,AUTO
2026-06-03 22:21:18,AUTO-MTR,H,295.78,312.26,2283.6,17.98,235.1,HEALTHY,98.0,Low,AUTO
2026-06-03 22:23:19,AUTO-MTR,M,298.55,312.57,1179.5,11.77,41.9,HEALTHY,100.0,Low,AUTO
2026-06-03 22:25:19,AUTO-MTR,H,303.35,315.11,1396.6,62.52,252.7,FAULTY,99.3,High,AUTO
2026-06-03 22:27:20,AUTO-MTR,M,301.88,312.45,1262.3,71.53,189.5,FAULTY,99.1,High,AUTO
2026-06-03 22:29:21,AUTO-MTR,L,303.0,310.16,1513.2,63.45,228.7,FAULTY,100.0,High,AUTO
2026-06-03 22:31:22,AUTO-MTR,H,303.67,306.77,2788.4,8.24,150.9,HEALTHY,100.0,Low,AUTO
2026-06-03 22:33:23,AUTO-MTR,M,295.9,305.84,1215.8,67.34,246.0,FAULTY,94.9,High,AUTO
2026-06-03 22:35:23,AUTO-MTR,L,303.0,312.27,1343.5,69.42,211.9,FAULTY,100.0,High,AUTO
2026-06-03 22:36:29,AUTO-MTR,M,298.81,308.56,2172.7,51.0,203.9,HEALTHY,82.2,Low,AUTO
2026-06-03 22:38:40,AUTO-MTR,M,302.89,306.47,2719.7,10.97,198.4,HEALTHY,100.0,Low,AUTO
2026-06-03 22:40:34,AUTO-MTR,M,301.29,308.43,2363.3,17.77,169.4,HEALTHY,100.0,Low,AUTO
2026-06-03 22:44:42,AUTO-MTR,L,296.72,311.84,2278.0,26.62,38.6,HEALTHY,100.0,Low,AUTO
2026-06-03 22:46:42,AUTO-MTR,H,299.28,309.01,2668.4,24.52,230.6,FAULTY,86.5,High,AUTO
2026-06-03 22:48:43,AUTO-MTR,L,297.94,310.67,1262.5,56.04,198.4,FAULTY,97.3,High,AUTO
2026-06-03 22:50:44,AUTO-MTR,H,297.64,308.65,1964.2,6.58,198.0,HEALTHY,89.9,Low,AUTO
2026-06-03 22:52:44,AUTO-MTR,H,301.46,309.77,1609.7,14.01,193.0,HEALTHY,99.6,Low,AUTO
